image,label
"[[[229 215 209]
  [228 214 208]
  [228 213 209]
  ...
  [230 214 209]
  [230 215 210]
  [228 215 210]]

 [[227 214 208]
  [228 214 209]
  [229 214 209]
  ...
  [230 214 210]
  [230 216 210]
  [230 215 210]]

 [[228 214 209]
  [229 215 209]
  [229 214 209]
  ...
  [228 214 209]
  [229 216 210]
  [231 215 210]]

 ...

 [[229 215 210]
  [228 215 208]
  [229 216 210]
  ...
  [227 216 211]
  [227 215 209]
  [227 213 208]]

 [[229 214 209]
  [228 213 208]
  [229 216 209]
  ...
  [228 215 211]
  [228 216 210]
  [228 214 209]]

 [[229 214 209]
  [228 214 210]
  [228 216 209]
  ...
  [229 214 210]
  [228 214 209]
  [228 214 208]]]",0
"[[[227 214 208]
  [228 213 208]
  [231 215 210]
  ...
  [227 215 209]
  [228 213 208]
  [230 214 209]]

 [[226 213 207]
  [227 213 208]
  [230 214 210]
  ...
  [226 214 210]
  [228 213 208]
  [229 214 209]]

 [[227 214 209]
  [228 214 209]
  [229 214 210]
  ...
  [228 215 211]
  [229 215 210]
  [230 215 210]]

 ...

 [[228 215 211]
  [228 215 211]
  [229 215 210]
  ...
  [231 216 211]
  [231 216 211]
  [231 215 210]]

 [[229 216 210]
  [228 215 211]
  [230 215 211]
  ...
  [232 216 211]
  [231 216 211]
  [231 216 211]]

 [[229 217 210]
  [228 215 211]
  [231 216 211]
  ...
  [232 217 211]
  [231 216 211]
  [231 216 211]]]",0
"[[[234 219 216]
  [232 220 216]
  [234 220 216]
  ...
  [231 219 217]
  [232 218 215]
  [233 219 215]]

 [[232 219 215]
  [232 220 216]
  [233 219 216]
  ...
  [232 220 216]
  [232 220 216]
  [233 220 216]]

 [[231 219 215]
  [232 221 215]
  [233 219 216]
  ...
  [233 220 215]
  [232 221 215]
  [233 219 214]]

 ...

 [[235 222 221]
  [235 223 219]
  [234 223 219]
  ...
  [236 222 219]
  [234 221 218]
  [233 221 218]]

 [[235 222 221]
  [235 222 218]
  [234 223 218]
  ...
  [234 221 217]
  [233 220 218]
  [232 221 217]]

 [[235 222 220]
  [236 222 220]
  [235 223 220]
  ...
  [233 221 218]
  [234 222 219]
  [233 221 219]]]",0
"[[[236 225 220]
  [235 224 221]
  [236 226 223]
  ...
  [225 212 207]
  [227 213 209]
  [227 214 209]]

 [[237 226 221]
  [236 225 222]
  [236 226 223]
  ...
  [226 212 210]
  [227 213 210]
  [225 213 208]]

 [[238 227 222]
  [236 225 220]
  [236 226 222]
  ...
  [227 213 212]
  [228 214 212]
  [225 212 208]]

 ...

 [[236 225 220]
  [235 225 221]
  [235 224 220]
  ...
  [226 213 210]
  [227 215 213]
  [226 215 212]]

 [[235 224 221]
  [236 225 222]
  [234 223 219]
  ...
  [227 214 211]
  [226 215 212]
  [225 214 211]]

 [[235 223 220]
  [235 223 221]
  [235 222 219]
  ...
  [228 215 211]
  [225 215 212]
  [226 213 212]]]",0
"[[[240 232 226]
  [239 231 227]
  [240 230 229]
  ...
  [241 234 231]
  [240 235 231]
  [239 234 229]]

 [[239 231 228]
  [239 231 228]
  [240 230 227]
  ...
  [241 234 230]
  [240 235 231]
  [239 234 230]]

 [[240 230 228]
  [239 231 228]
  [239 231 227]
  ...
  [240 234 230]
  [240 234 230]
  [239 234 230]]

 ...

 [[238 229 223]
  [239 230 224]
  [238 229 223]
  ...
  [240 231 226]
  [240 232 227]
  [239 231 225]]

 [[238 229 223]
  [238 229 222]
  [238 228 222]
  ...
  [240 231 225]
  [240 232 227]
  [239 231 225]]

 [[239 230 224]
  [239 229 223]
  [238 228 222]
  ...
  [240 231 225]
  [239 230 225]
  [239 230 225]]]",0
"[[[239 228 222]
  [239 228 222]
  [239 228 222]
  ...
  [240 230 226]
  [239 229 227]
  [239 230 225]]

 [[238 227 221]
  [239 228 222]
  [239 228 222]
  ...
  [240 230 226]
  [239 230 226]
  [239 229 225]]

 [[238 227 221]
  [238 227 221]
  [239 228 222]
  ...
  [241 231 227]
  [239 230 225]
  [239 229 226]]

 ...

 [[240 226 217]
  [239 228 219]
  [240 227 219]
  ...
  [238 227 221]
  [238 229 222]
  [238 229 222]]

 [[239 226 218]
  [239 228 219]
  [239 228 219]
  ...
  [238 228 223]
  [238 228 222]
  [238 228 222]]

 [[239 227 218]
  [240 228 220]
  [239 228 219]
  ...
  [239 229 223]
  [239 228 223]
  [238 227 222]]]",0
"[[[240 231 226]
  [240 231 225]
  [240 231 226]
  ...
  [238 226 220]
  [237 225 220]
  [236 223 220]]

 [[240 231 227]
  [241 231 227]
  [240 231 226]
  ...
  [238 226 220]
  [238 225 219]
  [237 224 221]]

 [[240 230 228]
  [241 231 228]
  [240 231 226]
  ...
  [237 227 220]
  [238 224 218]
  [237 225 219]]

 ...

 [[238 227 218]
  [239 229 219]
  [239 229 219]
  ...
  [237 221 213]
  [238 224 215]
  [237 222 215]]

 [[239 228 218]
  [238 228 218]
  [239 229 219]
  ...
  [238 222 214]
  [238 223 216]
  [237 222 215]]

 [[239 228 218]
  [239 228 219]
  [240 230 220]
  ...
  [239 223 215]
  [237 222 215]
  [236 221 213]]]",0
"[[[229 215 210]
  [229 215 209]
  [228 214 208]
  ...
  [236 222 218]
  [237 222 218]
  [237 222 218]]

 [[229 215 210]
  [228 215 209]
  [227 215 208]
  ...
  [236 223 218]
  [236 221 218]
  [236 220 217]]

 [[229 215 209]
  [229 214 209]
  [228 215 208]
  ...
  [235 222 216]
  [235 221 218]
  [235 220 217]]

 ...

 [[237 221 214]
  [236 221 214]
  [238 221 214]
  ...
  [232 221 216]
  [234 222 218]
  [232 221 217]]

 [[236 221 213]
  [236 221 215]
  [237 220 213]
  ...
  [234 221 216]
  [235 222 218]
  [232 222 218]]

 [[234 221 213]
  [235 221 214]
  [237 219 213]
  ...
  [235 222 218]
  [233 221 217]
  [233 221 219]]]",0
"[[[229 215 210]
  [229 214 209]
  [229 216 209]
  ...
  [236 225 220]
  [236 223 219]
  [235 223 219]]

 [[229 214 210]
  [228 214 209]
  [229 216 210]
  ...
  [236 224 221]
  [236 224 219]
  [236 224 219]]

 [[229 215 211]
  [228 214 209]
  [229 216 209]
  ...
  [236 224 220]
  [235 223 219]
  [236 224 219]]

 ...

 [[236 218 215]
  [235 219 213]
  [233 219 213]
  ...
  [235 221 217]
  [235 220 215]
  [232 219 214]]

 [[237 220 214]
  [236 220 213]
  [234 219 213]
  ...
  [236 222 216]
  [234 221 215]
  [234 220 217]]

 [[238 221 213]
  [237 220 212]
  [236 219 212]
  ...
  [234 221 215]
  [236 223 216]
  [235 221 218]]]",0
"[[[237 226 220]
  [238 227 221]
  [237 226 220]
  ...
  [235 223 218]
  [234 223 218]
  [235 222 218]]

 [[238 226 220]
  [237 226 222]
  [236 225 220]
  ...
  [236 222 218]
  [234 221 217]
  [235 222 217]]

 [[238 226 220]
  [237 226 222]
  [236 225 220]
  ...
  [236 223 219]
  [235 222 218]
  [235 222 216]]

 ...

 [[237 224 218]
  [239 224 217]
  [238 224 217]
  ...
  [233 221 217]
  [234 222 216]
  [233 220 216]]

 [[237 225 219]
  [237 225 218]
  [238 225 218]
  ...
  [234 220 216]
  [232 220 215]
  [233 220 214]]

 [[236 225 218]
  [237 225 219]
  [238 225 219]
  ...
  [234 219 216]
  [233 219 215]
  [235 221 215]]]",0
"[[[234 223 219]
  [236 225 221]
  [236 225 223]
  ...
  [235 225 220]
  [236 224 219]
  [236 225 223]]

 [[234 223 219]
  [236 225 221]
  [236 225 223]
  ...
  [236 224 220]
  [237 226 221]
  [236 227 223]]

 [[234 223 221]
  [235 224 222]
  [236 225 223]
  ...
  [237 225 220]
  [237 227 222]
  [236 226 223]]

 ...

 [[236 221 213]
  [235 220 212]
  [235 219 212]
  ...
  [234 221 215]
  [234 222 215]
  [235 222 215]]

 [[236 221 214]
  [235 221 213]
  [235 220 213]
  ...
  [233 220 215]
  [233 219 214]
  [236 222 216]]

 [[237 222 214]
  [235 221 213]
  [234 221 213]
  ...
  [233 221 216]
  [234 219 215]
  [235 221 215]]]",0
"[[[241 234 232]
  [240 235 230]
  [241 235 230]
  ...
  [242 233 229]
  [241 232 229]
  [242 232 230]]

 [[242 234 232]
  [240 235 231]
  [240 235 230]
  ...
  [242 233 229]
  [241 233 228]
  [242 233 230]]

 [[242 234 232]
  [242 234 231]
  [241 235 232]
  ...
  [241 233 229]
  [242 234 229]
  [242 233 229]]

 ...

 [[239 234 229]
  [239 234 231]
  [239 234 230]
  ...
  [242 232 229]
  [243 233 230]
  [241 231 226]]

 [[240 234 230]
  [240 234 231]
  [240 235 231]
  ...
  [241 232 227]
  [242 233 229]
  [241 232 227]]

 [[242 234 232]
  [241 234 232]
  [241 235 232]
  ...
  [241 232 227]
  [242 233 228]
  [241 231 227]]]",0
"[[[240 234 230]
  [240 234 230]
  [241 234 231]
  ...
  [240 230 226]
  [240 231 226]
  [240 231 226]]

 [[240 233 229]
  [240 234 229]
  [239 234 230]
  ...
  [240 231 226]
  [239 231 226]
  [240 231 226]]

 [[240 233 230]
  [240 233 230]
  [239 234 230]
  ...
  [239 229 226]
  [239 230 226]
  [238 229 224]]

 ...

 [[241 234 231]
  [242 234 232]
  [242 234 231]
  ...
  [241 231 229]
  [242 233 228]
  [241 232 227]]

 [[241 233 231]
  [242 234 232]
  [242 234 231]
  ...
  [241 232 229]
  [240 231 226]
  [241 233 227]]

 [[242 233 231]
  [242 234 232]
  [242 234 231]
  ...
  [241 231 227]
  [240 231 225]
  [242 233 228]]]",0
"[[[245 237 235]
  [245 237 235]
  [244 236 236]
  ...
  [241 231 223]
  [241 230 223]
  [242 230 222]]

 [[245 237 235]
  [245 237 234]
  [245 237 234]
  ...
  [242 231 224]
  [241 229 222]
  [241 230 224]]

 [[245 237 234]
  [243 237 234]
  [244 237 234]
  ...
  [242 231 225]
  [242 230 223]
  [242 231 225]]

 ...

 [[241 235 231]
  [240 235 231]
  [241 235 231]
  ...
  [240 232 229]
  [239 233 229]
  [241 234 230]]

 [[240 235 231]
  [240 235 231]
  [241 235 231]
  ...
  [240 234 230]
  [240 233 229]
  [241 233 230]]

 [[241 235 231]
  [240 235 231]
  [241 235 232]
  ...
  [240 234 230]
  [240 232 229]
  [240 232 229]]]",0
"[[[240 231 226]
  [239 232 227]
  [239 232 227]
  ...
  [236 223 218]
  [236 223 219]
  [235 223 217]]

 [[240 231 226]
  [240 231 228]
  [239 232 227]
  ...
  [237 224 219]
  [236 223 217]
  [236 222 216]]

 [[239 230 225]
  [240 231 228]
  [239 232 228]
  ...
  [236 224 218]
  [236 222 217]
  [236 220 217]]

 ...

 [[239 232 229]
  [241 232 230]
  [239 232 228]
  ...
  [237 225 219]
  [236 223 216]
  [237 223 217]]

 [[239 233 229]
  [241 233 230]
  [240 232 227]
  ...
  [237 225 219]
  [237 224 218]
  [237 223 217]]

 [[239 233 229]
  [240 233 230]
  [240 232 227]
  ...
  [236 225 219]
  [237 224 219]
  [237 224 218]]]",0
"[[[235 219 215]
  [234 221 215]
  [230 215 207]
  ...
  [226 208 202]
  [227 209 203]
  [227 210 203]]

 [[234 219 214]
  [234 219 214]
  [232 216 211]
  ...
  [227 210 202]
  [227 209 204]
  [227 210 203]]

 [[235 220 215]
  [234 216 213]
  [234 217 214]
  ...
  [227 209 202]
  [226 209 204]
  [227 210 203]]

 ...

 [[236 219 215]
  [236 219 215]
  [236 220 215]
  ...
  [229 210 203]
  [229 210 204]
  [229 210 204]]

 [[236 220 215]
  [235 220 215]
  [235 220 215]
  ...
  [230 212 203]
  [230 211 204]
  [230 211 206]]

 [[236 219 215]
  [234 220 215]
  [235 220 216]
  ...
  [231 212 204]
  [230 212 204]
  [230 211 205]]]",0
"[[[238 225 219]
  [238 226 220]
  [237 225 220]
  ...
  [239 230 227]
  [237 229 224]
  [239 230 226]]

 [[238 225 219]
  [236 225 219]
  [236 225 220]
  ...
  [239 230 226]
  [238 230 225]
  [238 230 225]]

 [[238 225 219]
  [236 224 219]
  [236 225 220]
  ...
  [239 231 227]
  [239 231 225]
  [239 231 226]]

 ...

 [[239 226 220]
  [238 226 220]
  [236 225 219]
  ...
  [236 227 222]
  [236 226 221]
  [238 227 224]]

 [[239 225 220]
  [238 226 219]
  [236 225 219]
  ...
  [238 229 224]
  [238 227 223]
  [238 227 224]]

 [[239 225 220]
  [237 225 219]
  [236 225 219]
  ...
  [238 228 224]
  [237 226 223]
  [238 228 225]]]",0
"[[[244 236 233]
  [245 236 234]
  [245 236 234]
  ...
  [146 147 156]
  [146 146 155]
  [145 145 157]]

 [[244 236 233]
  [245 236 234]
  [245 236 233]
  ...
  [146 146 155]
  [145 145 156]
  [147 147 156]]

 [[244 236 233]
  [245 236 234]
  [244 236 233]
  ...
  [145 145 155]
  [146 146 156]
  [147 147 156]]

 ...

 [[245 238 235]
  [245 237 234]
  [244 237 234]
  ...
  [246 239 236]
  [245 239 236]
  [245 238 234]]

 [[245 239 235]
  [245 238 235]
  [244 237 234]
  ...
  [245 239 237]
  [245 240 237]
  [246 239 236]]

 [[245 238 235]
  [245 238 234]
  [244 237 234]
  ...
  [245 239 237]
  [244 240 237]
  [245 239 237]]]",0
"[[[237 225 217]
  [238 225 221]
  [237 225 220]
  ...
  [238 226 219]
  [238 226 221]
  [237 227 220]]

 [[237 225 220]
  [236 224 220]
  [236 225 220]
  ...
  [238 226 221]
  [238 227 222]
  [238 227 221]]

 [[238 226 222]
  [237 226 220]
  [237 225 220]
  ...
  [238 228 223]
  [238 227 223]
  [238 227 222]]

 ...

 [[237 223 217]
  [237 224 218]
  [238 223 218]
  ...
  [238 228 218]
  [238 225 216]
  [238 225 216]]

 [[236 225 219]
  [237 226 219]
  [237 222 217]
  ...
  [237 225 216]
  [238 226 219]
  [238 224 216]]

 [[235 226 220]
  [236 225 219]
  [237 223 219]
  ...
  [239 225 217]
  [237 226 219]
  [237 224 217]]]",0
"[[[238 230 226]
  [238 228 224]
  [239 230 225]
  ...
  [240 232 226]
  [240 231 226]
  [239 230 226]]

 [[238 230 226]
  [238 229 224]
  [239 230 225]
  ...
  [239 231 223]
  [240 231 226]
  [239 230 226]]

 [[239 230 226]
  [238 229 224]
  [239 231 225]
  ...
  [239 231 224]
  [240 231 226]
  [239 230 227]]

 ...

 [[239 230 221]
  [238 229 220]
  [238 228 220]
  ...
  [238 228 224]
  [237 227 222]
  [238 228 223]]

 [[238 229 221]
  [238 229 222]
  [238 229 221]
  ...
  [237 228 223]
  [237 226 221]
  [238 228 222]]

 [[238 229 221]
  [239 230 224]
  [238 229 223]
  ...
  [238 229 224]
  [237 227 221]
  [237 227 220]]]",0
"[[[240 231 228]
  [239 231 228]
  [240 233 230]
  ...
  [238 230 225]
  [238 229 226]
  [238 229 224]]

 [[240 232 229]
  [240 233 229]
  [240 233 230]
  ...
  [238 229 225]
  [238 228 226]
  [238 228 223]]

 [[240 232 229]
  [240 233 230]
  [241 231 229]
  ...
  [239 229 227]
  [238 229 226]
  [238 227 223]]

 ...

 [[240 231 224]
  [240 231 224]
  [240 231 223]
  ...
  [239 229 224]
  [239 229 224]
  [239 230 225]]

 [[239 230 223]
  [240 231 223]
  [239 230 224]
  ...
  [239 229 224]
  [239 230 224]
  [237 228 223]]

 [[240 229 223]
  [239 230 223]
  [239 231 224]
  ...
  [239 228 222]
  [239 230 225]
  [238 228 223]]]",0
"[[[240 232 229]
  [239 232 229]
  [239 232 229]
  ...
  [237 226 220]
  [237 226 222]
  [237 226 222]]

 [[240 233 229]
  [239 231 227]
  [240 232 229]
  ...
  [238 226 220]
  [237 226 221]
  [237 226 222]]

 [[239 233 229]
  [239 231 227]
  [240 232 229]
  ...
  [238 226 220]
  [237 226 220]
  [237 226 221]]

 ...

 [[239 229 225]
  [239 229 224]
  [238 229 223]
  ...
  [238 227 222]
  [238 227 222]
  [238 229 225]]

 [[239 229 225]
  [238 229 224]
  [238 229 224]
  ...
  [238 227 222]
  [238 228 222]
  [238 230 225]]

 [[238 227 224]
  [237 229 225]
  [237 228 224]
  ...
  [239 228 223]
  [238 228 222]
  [238 230 224]]]",0
"[[[238 225 219]
  [237 225 218]
  [237 225 220]
  ...
  [239 230 227]
  [239 229 227]
  [239 229 226]]

 [[238 225 219]
  [237 225 218]
  [236 225 221]
  ...
  [239 231 228]
  [239 230 228]
  [239 230 226]]

 [[238 225 219]
  [237 224 219]
  [236 225 221]
  ...
  [239 231 228]
  [240 231 229]
  [239 230 227]]

 ...

 [[236 224 219]
  [237 226 219]
  [238 225 219]
  ...
  [239 229 225]
  [239 230 228]
  [238 231 228]]

 [[237 225 219]
  [237 226 219]
  [238 226 219]
  ...
  [239 231 227]
  [239 231 228]
  [238 231 228]]

 [[237 225 220]
  [237 225 220]
  [238 226 220]
  ...
  [238 231 227]
  [238 231 227]
  [238 230 227]]]",0
"[[[238 229 222]
  [238 229 222]
  [238 230 224]
  ...
  [236 221 214]
  [237 221 216]
  [236 222 217]]

 [[238 229 222]
  [238 228 220]
  [238 229 223]
  ...
  [235 220 215]
  [237 221 216]
  [236 222 216]]

 [[238 229 222]
  [238 229 221]
  [238 228 222]
  ...
  [236 221 216]
  [236 220 216]
  [236 220 214]]

 ...

 [[238 227 221]
  [238 227 221]
  [238 226 221]
  ...
  [236 220 212]
  [236 221 213]
  [237 220 211]]

 [[237 227 221]
  [238 227 221]
  [238 226 221]
  ...
  [236 220 212]
  [236 221 211]
  [237 220 212]]

 [[238 228 221]
  [238 229 222]
  [237 226 221]
  ...
  [236 220 211]
  [236 221 211]
  [237 220 212]]]",0
"[[[239 229 223]
  [239 228 220]
  [237 227 219]
  ...
  [238 226 220]
  [239 226 219]
  [238 226 220]]

 [[239 230 223]
  [239 229 221]
  [238 227 219]
  ...
  [238 226 220]
  [239 225 218]
  [238 226 218]]

 [[238 229 222]
  [238 228 221]
  [238 226 219]
  ...
  [238 226 218]
  [240 226 219]
  [239 226 218]]

 ...

 [[238 226 219]
  [239 229 223]
  [240 232 226]
  ...
  [239 228 219]
  [239 226 218]
  [239 226 218]]

 [[238 227 219]
  [239 230 224]
  [240 232 226]
  ...
  [238 225 217]
  [240 226 219]
  [239 224 217]]

 [[238 228 220]
  [239 231 225]
  [240 231 225]
  ...
  [238 226 218]
  [239 226 218]
  [240 226 218]]]",0
"[[[239 226 220]
  [238 225 218]
  [237 225 216]
  ...
  [240 231 230]
  [240 231 228]
  [239 231 228]]

 [[239 226 220]
  [239 226 219]
  [238 226 217]
  ...
  [240 231 229]
  [240 230 228]
  [239 231 228]]

 [[238 225 220]
  [238 226 220]
  [239 226 218]
  ...
  [239 231 227]
  [240 231 228]
  [240 231 227]]

 ...

 [[238 225 217]
  [239 225 217]
  [237 225 217]
  ...
  [238 228 219]
  [239 230 221]
  [238 228 218]]

 [[238 225 217]
  [239 225 218]
  [237 226 217]
  ...
  [238 228 220]
  [240 230 220]
  [239 229 220]]

 [[238 225 217]
  [239 226 218]
  [238 226 218]
  ...
  [240 229 222]
  [240 229 221]
  [240 229 221]]]",0
"[[[236 225 220]
  [237 225 220]
  [237 225 219]
  ...
  [230 214 209]
  [231 213 208]
  [230 212 208]]

 [[237 225 220]
  [237 225 221]
  [237 225 219]
  ...
  [229 215 209]
  [231 214 209]
  [230 214 209]]

 [[237 225 219]
  [237 225 219]
  [237 224 218]
  ...
  [230 215 210]
  [232 214 209]
  [230 214 208]]

 ...

 [[238 226 217]
  [236 225 217]
  [238 224 217]
  ...
  [232 218 213]
  [230 217 212]
  [231 217 211]]

 [[238 224 217]
  [237 224 219]
  [238 224 218]
  ...
  [234 218 213]
  [231 218 213]
  [230 217 211]]

 [[237 223 217]
  [238 223 219]
  [238 225 219]
  ...
  [233 218 212]
  [231 218 213]
  [230 217 210]]]",0
"[[[235 218 213]
  [237 219 215]
  [236 219 215]
  ...
  [224 207 200]
  [221 206 201]
  [221 205 201]]

 [[234 218 211]
  [236 218 214]
  [237 219 215]
  ...
  [223 208 202]
  [220 207 201]
  [222 208 202]]

 [[233 218 212]
  [236 219 214]
  [237 219 215]
  ...
  [222 208 203]
  [220 207 201]
  [223 208 203]]

 ...

 [[236 219 214]
  [237 220 214]
  [237 220 215]
  ...
  [229 214 207]
  [228 214 210]
  [226 213 208]]

 [[237 219 214]
  [237 220 216]
  [237 219 215]
  ...
  [231 213 209]
  [228 214 210]
  [227 213 208]]

 [[236 219 214]
  [237 220 216]
  [237 219 215]
  ...
  [230 213 209]
  [228 214 210]
  [227 213 208]]]",0
"[[[241 230 228]
  [241 231 228]
  [240 232 230]
  ...
  [237 221 216]
  [236 222 217]
  [236 220 214]]

 [[240 231 229]
  [240 231 228]
  [241 233 229]
  ...
  [238 221 217]
  [238 222 218]
  [238 222 216]]

 [[240 233 230]
  [240 232 228]
  [241 234 230]
  ...
  [237 222 215]
  [237 222 217]
  [239 223 218]]

 ...

 [[238 226 221]
  [238 226 221]
  [238 227 221]
  ...
  [238 224 219]
  [239 224 217]
  [238 223 216]]

 [[238 225 220]
  [238 226 221]
  [238 228 222]
  ...
  [239 225 219]
  [238 224 218]
  [238 224 216]]

 [[238 225 218]
  [238 226 221]
  [239 228 223]
  ...
  [239 225 218]
  [239 224 219]
  [238 225 217]]]",0
"[[[239 230 225]
  [238 229 224]
  [238 229 226]
  ...
  [239 229 223]
  [238 228 225]
  [237 226 221]]

 [[239 229 224]
  [238 229 224]
  [238 229 226]
  ...
  [238 229 223]
  [238 228 224]
  [238 226 220]]

 [[238 229 224]
  [238 227 223]
  [239 230 225]
  ...
  [238 230 223]
  [237 227 223]
  [238 226 220]]

 ...

 [[238 229 224]
  [238 228 222]
  [239 229 224]
  ...
  [238 228 222]
  [239 228 222]
  [238 227 221]]

 [[239 230 225]
  [238 229 223]
  [238 226 222]
  ...
  [237 227 221]
  [240 229 222]
  [239 227 221]]

 [[238 230 225]
  [238 228 222]
  [238 226 221]
  ...
  [238 226 220]
  [238 227 220]
  [239 227 221]]]",0
"[[[237 226 220]
  [238 227 219]
  [237 226 219]
  ...
  [234 216 212]
  [231 216 210]
  [231 216 211]]

 [[237 226 221]
  [238 227 221]
  [237 226 220]
  ...
  [234 216 212]
  [232 216 211]
  [231 216 210]]

 [[238 227 222]
  [238 227 223]
  [238 227 222]
  ...
  [235 217 213]
  [234 216 211]
  [232 216 209]]

 ...

 [[238 224 217]
  [238 224 218]
  [238 226 219]
  ...
  [235 218 210]
  [235 218 209]
  [235 218 209]]

 [[238 223 218]
  [238 224 219]
  [239 226 218]
  ...
  [235 218 210]
  [237 220 211]
  [235 218 210]]

 [[239 224 219]
  [238 225 219]
  [239 225 218]
  ...
  [236 219 211]
  [236 219 211]
  [235 217 211]]]",0
"[[[238 223 218]
  [238 225 220]
  [239 224 219]
  ...
  [234 218 212]
  [234 218 211]
  [234 217 210]]

 [[238 223 217]
  [238 225 217]
  [238 224 218]
  ...
  [235 219 212]
  [235 218 211]
  [235 218 211]]

 [[239 225 219]
  [239 224 217]
  [238 223 218]
  ...
  [234 217 213]
  [235 218 211]
  [235 218 211]]

 ...

 [[239 224 217]
  [239 225 217]
  [237 225 218]
  ...
  [236 222 215]
  [236 221 214]
  [235 221 216]]

 [[239 227 218]
  [239 225 218]
  [238 224 218]
  ...
  [236 223 216]
  [236 221 215]
  [236 221 216]]

 [[237 227 218]
  [238 225 217]
  [238 223 217]
  ...
  [236 222 217]
  [236 222 216]
  [236 220 215]]]",0
"[[[239 228 222]
  [239 229 223]
  [239 229 223]
  ...
  [239 224 215]
  [239 226 219]
  [238 227 219]]

 [[240 229 223]
  [239 229 223]
  [240 229 223]
  ...
  [239 227 217]
  [240 226 219]
  [239 227 219]]

 [[239 229 223]
  [239 228 222]
  [240 229 223]
  ...
  [239 228 219]
  [240 226 220]
  [240 228 222]]

 ...

 [[239 227 219]
  [239 228 217]
  [240 227 217]
  ...
  [242 230 221]
  [243 231 222]
  [242 230 222]]

 [[238 228 219]
  [240 230 220]
  [240 228 218]
  ...
  [242 231 221]
  [242 231 221]
  [242 231 222]]

 [[238 228 218]
  [239 230 221]
  [239 227 218]
  ...
  [241 231 222]
  [242 231 222]
  [242 232 223]]]",0
"[[[239 226 217]
  [238 226 217]
  [239 227 218]
  ...
  [237 223 218]
  [237 225 218]
  [237 223 219]]

 [[239 226 217]
  [239 226 217]
  [238 227 219]
  ...
  [237 223 218]
  [236 225 220]
  [237 224 219]]

 [[239 226 217]
  [239 225 216]
  [238 227 218]
  ...
  [238 225 220]
  [237 225 220]
  [237 223 218]]

 ...

 [[240 223 215]
  [240 223 215]
  [240 223 214]
  ...
  [238 227 218]
  [238 227 222]
  [237 226 221]]

 [[240 223 215]
  [239 222 215]
  [239 223 214]
  ...
  [238 227 220]
  [239 226 221]
  [238 226 220]]

 [[240 223 215]
  [239 222 215]
  [239 223 215]
  ...
  [238 226 221]
  [239 226 221]
  [238 227 219]]]",0
"[[[240 223 216]
  [240 223 215]
  [240 223 214]
  ...
  [237 224 219]
  [238 222 218]
  [239 226 221]]

 [[241 224 216]
  [240 223 214]
  [240 223 214]
  ...
  [237 225 219]
  [239 223 218]
  [238 227 222]]

 [[241 224 215]
  [240 223 215]
  [240 223 215]
  ...
  [237 224 219]
  [239 224 219]
  [238 227 222]]

 ...

 [[118 124 139]
  [120 125 137]
  [123 127 139]
  ...
  [239 228 218]
  [239 226 218]
  [238 227 219]]

 [[118 124 139]
  [120 125 139]
  [123 127 139]
  ...
  [239 228 220]
  [239 227 219]
  [239 226 218]]

 [[120 124 139]
  [120 124 141]
  [122 125 139]
  ...
  [239 228 221]
  [239 227 219]
  [240 226 218]]]",0
"[[[238 227 220]
  [238 226 220]
  [238 227 220]
  ...
  [238 229 222]
  [238 229 222]
  [237 225 218]]

 [[237 227 219]
  [237 226 220]
  [238 227 220]
  ...
  [239 228 222]
  [238 228 222]
  [238 226 219]]

 [[238 227 219]
  [237 226 220]
  [238 227 219]
  ...
  [238 228 222]
  [239 227 221]
  [239 226 219]]

 ...

 [[238 227 221]
  [239 227 218]
  [239 227 219]
  ...
  [238 228 219]
  [238 228 219]
  [238 228 219]]

 [[238 227 220]
  [239 226 219]
  [239 226 219]
  ...
  [238 227 218]
  [238 228 219]
  [238 227 218]]

 [[238 228 219]
  [239 226 218]
  [239 226 220]
  ...
  [238 228 218]
  [238 228 219]
  [239 226 217]]]",0
"[[[196 187 175]
  [255 255 255]
  [255 255 255]
  ...
  [255 255 255]
  [255 255 255]
  [255 255 255]]

 [[193 186 174]
  [255 255 255]
  [255 255 255]
  ...
  [255 255 255]
  [255 255 255]
  [255 255 255]]

 [[190 188 173]
  [255 255 255]
  [254 254 254]
  ...
  [255 255 255]
  [255 255 255]
  [255 255 255]]

 ...

 [[255 255 255]
  [255 255 255]
  [255 255 255]
  ...
  [255 255 255]
  [255 255 255]
  [255 255 255]]

 [[255 255 255]
  [255 255 255]
  [255 255 255]
  ...
  [255 255 255]
  [255 255 255]
  [255 255 255]]

 [[255 255 255]
  [255 255 255]
  [255 255 255]
  ...
  [255 255 255]
  [255 255 255]
  [255 255 255]]]",0
"[[[255 255 255]
  [255 255 255]
  [255 255 255]
  ...
  [255 255 255]
  [255 255 255]
  [255 255 255]]

 [[255 255 255]
  [255 255 255]
  [255 255 255]
  ...
  [255 255 255]
  [255 255 255]
  [255 255 255]]

 [[255 255 255]
  [255 255 255]
  [255 255 255]
  ...
  [255 255 255]
  [255 255 255]
  [255 255 255]]

 ...

 [[255 255 255]
  [255 255 255]
  [255 255 255]
  ...
  [255 255 255]
  [255 255 255]
  [255 255 255]]

 [[255 255 255]
  [255 255 255]
  [255 255 255]
  ...
  [255 255 255]
  [255 255 255]
  [255 255 255]]

 [[255 255 255]
  [255 255 255]
  [255 255 255]
  ...
  [255 255 255]
  [255 255 255]
  [255 255 255]]]",0
"[[[255 255 255]
  [255 255 255]
  [255 255 255]
  ...
  [255 255 255]
  [255 255 255]
  [255 255 255]]

 [[255 255 255]
  [255 255 255]
  [255 255 255]
  ...
  [255 255 255]
  [255 255 255]
  [255 255 255]]

 [[255 255 255]
  [255 255 255]
  [255 255 255]
  ...
  [255 255 255]
  [255 255 255]
  [255 255 255]]

 ...

 [[255 255 255]
  [255 255 255]
  [255 255 255]
  ...
  [255 255 255]
  [255 255 255]
  [197 211 191]]

 [[255 255 255]
  [255 255 255]
  [255 255 255]
  ...
  [255 255 255]
  [255 255 255]
  [197 211 191]]

 [[255 255 255]
  [255 255 255]
  [255 255 255]
  ...
  [255 255 255]
  [255 255 255]
  [197 210 191]]]",0
"[[[238 222 216]
  [239 222 216]
  [237 221 217]
  ...
  [238 220 215]
  [237 221 217]
  [237 223 216]]

 [[238 222 216]
  [238 222 215]
  [237 222 217]
  ...
  [238 220 216]
  [236 222 216]
  [236 222 215]]

 [[237 222 216]
  [239 222 216]
  [237 222 216]
  ...
  [236 221 216]
  [237 223 217]
  [237 220 216]]

 ...

 [[239 221 217]
  [238 221 215]
  [237 221 217]
  ...
  [235 221 214]
  [236 221 216]
  [237 222 216]]

 [[238 222 217]
  [237 222 217]
  [237 222 216]
  ...
  [236 220 215]
  [237 221 217]
  [237 222 216]]

 [[236 223 218]
  [237 222 217]
  [238 222 216]
  ...
  [236 219 214]
  [237 221 217]
  [236 222 216]]]",0
"[[[255 255 255]
  [255 255 255]
  [255 255 255]
  ...
  [255 255 255]
  [255 255 255]
  [255 255 255]]

 [[255 255 255]
  [255 255 255]
  [255 255 255]
  ...
  [255 255 255]
  [255 255 255]
  [255 255 255]]

 [[255 255 255]
  [255 255 255]
  [255 255 255]
  ...
  [255 255 255]
  [255 255 255]
  [255 255 255]]

 ...

 [[255 255 255]
  [255 255 255]
  [255 255 255]
  ...
  [171 186  76]
  [165 186  71]
  [163 183  72]]

 [[255 255 255]
  [255 255 255]
  [255 255 255]
  ...
  [163 180  66]
  [162 186  70]
  [162 186  77]]

 [[255 255 255]
  [255 255 255]
  [255 255 255]
  ...
  [168 185  68]
  [175 199  83]
  [176 202  93]]]",1
"[[[255 255 255]
  [255 255 255]
  [255 255 255]
  ...
  [255 254 255]
  [254 254 255]
  [255 255 255]]

 [[255 255 255]
  [255 255 255]
  [255 255 255]
  ...
  [255 255 255]
  [255 255 255]
  [255 255 255]]

 [[255 255 255]
  [255 255 255]
  [255 255 255]
  ...
  [254 255 254]
  [255 255 253]
  [254 254 252]]

 ...

 [[255 255 255]
  [255 255 255]
  [255 255 255]
  ...
  [255 255 255]
  [255 255 255]
  [255 255 255]]

 [[255 255 255]
  [255 255 255]
  [255 255 255]
  ...
  [255 255 255]
  [255 255 255]
  [255 255 255]]

 [[255 255 255]
  [255 255 255]
  [255 255 255]
  ...
  [255 255 255]
  [255 255 255]
  [255 255 255]]]",1
"[[[255 255 255]
  [255 255 255]
  [255 255 255]
  ...
  [255 255 255]
  [255 255 255]
  [255 255 255]]

 [[255 255 255]
  [255 255 255]
  [255 255 255]
  ...
  [255 255 255]
  [255 255 255]
  [255 255 255]]

 [[255 255 255]
  [255 255 255]
  [255 255 255]
  ...
  [255 255 255]
  [255 255 255]
  [255 255 255]]

 ...

 [[ 92  66   0]
  [ 90  64   0]
  [ 87  63   0]
  ...
  [184 170  74]
  [174 164  67]
  [180 172  74]]

 [[ 89  63   0]
  [ 87  64   1]
  [ 82  63   2]
  ...
  [181 168  75]
  [179 166  74]
  [185 172  79]]

 [[ 94  67   1]
  [ 92  70   4]
  [ 86  69   7]
  ...
  [197 185  94]
  [203 186  98]
  [205 190  98]]]",1
"[[[106  77   9]
  [ 96  71   8]
  [ 90  67   3]
  ...
  [200 188  92]
  [198 192  92]
  [197 189  91]]

 [[ 87  60   0]
  [ 83  60   0]
  [ 86  65   2]
  ...
  [191 178  82]
  [184 176  77]
  [187 180  83]]

 [[ 87  65   7]
  [ 91  70  11]
  [100  80  18]
  ...
  [181 168  73]
  [173 161  65]
  [180 171  76]]

 ...

 [[224 215  95]
  [231 222 101]
  [239 225 104]
  ...
  [255 255 255]
  [255 255 255]
  [255 255 255]]

 [[235 223 111]
  [236 225 105]
  [240 223 102]
  ...
  [255 255 255]
  [255 255 255]
  [255 255 255]]

 [[238 224 113]
  [236 223 102]
  [235 216  94]
  ...
  [255 255 255]
  [255 255 255]
  [255 255 255]]]",1
"[[[216 174  68]
  [200 162  37]
  [169 133  22]
  ...
  [255 255 255]
  [255 255 255]
  [255 255 255]]

 [[180 142  32]
  [162 126   9]
  [133 101   2]
  ...
  [255 255 255]
  [255 255 255]
  [255 255 255]]

 [[155 127  13]
  [142 115   6]
  [134 114  23]
  ...
  [255 255 255]
  [255 255 255]
  [255 255 255]]

 ...

 [[255 255 255]
  [255 255 255]
  [255 255 255]
  ...
  [255 255 255]
  [255 255 255]
  [255 255 255]]

 [[255 255 255]
  [255 255 255]
  [255 255 255]
  ...
  [255 255 255]
  [255 255 255]
  [255 255 255]]

 [[255 255 255]
  [255 255 255]
  [255 255 255]
  ...
  [255 255 255]
  [255 255 255]
  [255 255 255]]]",1
"[[[255 255 255]
  [255 255 255]
  [255 255 255]
  ...
  [255 255 255]
  [255 255 255]
  [255 255 255]]

 [[255 255 255]
  [255 255 255]
  [255 255 255]
  ...
  [255 255 255]
  [255 255 255]
  [255 255 255]]

 [[255 255 255]
  [255 255 255]
  [255 255 255]
  ...
  [255 255 255]
  [255 255 255]
  [255 255 255]]

 ...

 [[185 208  77]
  [167 204  50]
  [164 204  50]
  ...
  [215 252  50]
  [213 250  47]
  [215 252  47]]

 [[170 195  64]
  [153 190  37]
  [157 198  43]
  ...
  [206 245  42]
  [207 246  41]
  [211 250  45]]

 [[171 198  66]
  [150 188  34]
  [146 187  32]
  ...
  [203 242  39]
  [204 243  38]
  [205 244  39]]]",1
"[[[178 217  62]
  [185 224  58]
  [186 228  58]
  ...
  [155 206  33]
  [155 202  31]
  [155 200  31]]

 [[156 197  40]
  [161 203  35]
  [163 207  36]
  ...
  [160 209  38]
  [161 208  38]
  [159 204  35]]

 [[161 206  43]
  [165 210  39]
  [167 214  40]
  ...
  [168 217  48]
  [167 213  46]
  [168 211  45]]

 ...

 [[255 255 255]
  [255 255 255]
  [255 255 255]
  ...
  [255 255 255]
  [255 255 255]
  [255 255 255]]

 [[255 255 255]
  [255 255 255]
  [255 255 255]
  ...
  [255 255 255]
  [255 255 255]
  [255 255 255]]

 [[255 255 255]
  [255 255 255]
  [255 255 255]
  ...
  [255 255 255]
  [255 255 255]
  [255 255 255]]]",1
"[[[255 255 255]
  [255 255 255]
  [255 255 255]
  ...
  [126 122  15]
  [127 123  16]
  [127 123  16]]

 [[255 255 255]
  [255 255 255]
  [255 255 255]
  ...
  [124 120  13]
  [125 121  14]
  [125 121  14]]

 [[255 255 255]
  [255 255 255]
  [255 255 255]
  ...
  [122 118  11]
  [123 119  12]
  [122 118  11]]

 ...

 [[249 244 190]
  [248 244 185]
  [250 246 183]
  ...
  [255 255 255]
  [255 255 255]
  [255 255 255]]

 [[238 232 171]
  [237 231 166]
  [239 233 164]
  ...
  [255 255 255]
  [255 255 255]
  [255 255 255]]

 [[206 198 132]
  [204 198 126]
  [208 202 127]
  ...
  [255 255 255]
  [255 255 255]
  [255 255 255]]]",1
"[[[219 203  21]
  [221 206  21]
  [215 202  12]
  ...
  [240 216  66]
  [227 203  53]
  [222 198  48]]

 [[220 204  22]
  [221 206  21]
  [218 205  15]
  ...
  [232 209  57]
  [224 200  49]
  [221 198  47]]

 [[223 207  25]
  [222 207  22]
  [223 210  20]
  ...
  [218 196  41]
  [218 196  41]
  [220 197  43]]

 ...

 [[184 171  80]
  [187 174  83]
  [191 178  87]
  ...
  [225 220  94]
  [232 227 101]
  [233 228 102]]

 [[150 136  46]
  [153 140  50]
  [156 143  53]
  ...
  [235 230 104]
  [241 236 110]
  [240 235 109]]

 [[131 117  28]
  [135 121  32]
  [138 124  35]
  ...
  [240 235 109]
  [246 241 115]
  [243 238 112]]]",1
"[[[173 157   0]
  [176 160   3]
  [177 161   4]
  ...
  [198 190  26]
  [195 187  24]
  [195 187  24]]

 [[173 157   0]
  [176 160   3]
  [177 161   3]
  ...
  [197 189  26]
  [195 187  24]
  [195 187  24]]

 [[173 157   0]
  [176 160   2]
  [176 160   2]
  ...
  [195 187  25]
  [194 186  24]
  [193 185  24]]

 ...

 [[232 221 106]
  [229 218 103]
  [231 220 104]
  ...
  [125 121  12]
  [124 120  11]
  [126 122  12]]

 [[248 236 123]
  [242 231 118]
  [242 230 117]
  ...
  [120 118   8]
  [118 116   7]
  [120 117   8]]

 [[255 245 133]
  [250 238 126]
  [247 235 124]
  ...
  [117 116   7]
  [115 113   5]
  [116 114   6]]]",1
"[[[255 255 255]
  [255 255 255]
  [255 255 255]
  ...
  [254 239 172]
  [250 235 165]
  [250 234 162]]

 [[255 255 255]
  [255 255 255]
  [255 255 255]
  ...
  [255 240 173]
  [250 235 166]
  [250 234 162]]

 [[255 255 255]
  [255 255 255]
  [255 255 255]
  ...
  [255 243 176]
  [251 237 168]
  [250 235 162]]

 ...

 [[255 255 255]
  [255 255 255]
  [255 255 255]
  ...
  [255 255 255]
  [255 255 255]
  [255 255 255]]

 [[255 255 255]
  [255 255 255]
  [255 255 255]
  ...
  [255 255 255]
  [255 255 255]
  [255 255 255]]

 [[255 255 255]
  [255 255 255]
  [255 255 255]
  ...
  [255 255 255]
  [255 255 255]
  [255 255 255]]]",1
"[[[255 255 255]
  [255 255 255]
  [255 255 255]
  ...
  [255 255 255]
  [255 255 255]
  [255 255 255]]

 [[255 255 255]
  [255 255 255]
  [255 255 255]
  ...
  [255 255 255]
  [255 255 255]
  [255 255 255]]

 [[255 255 255]
  [255 255 255]
  [255 255 255]
  ...
  [255 255 255]
  [255 255 255]
  [255 255 255]]

 ...

 [[255 255 255]
  [255 255 255]
  [255 255 255]
  ...
  [255 255 255]
  [255 255 255]
  [255 255 255]]

 [[255 255 255]
  [255 255 255]
  [255 255 255]
  ...
  [255 255 255]
  [255 255 255]
  [255 255 255]]

 [[255 255 255]
  [255 255 255]
  [255 255 255]
  ...
  [255 255 255]
  [255 255 255]
  [255 255 255]]]",1
"[[[255 255 255]
  [255 255 255]
  [255 255 255]
  ...
  [253 252 248]
  [255 255 249]
  [254 254 246]]

 [[255 255 255]
  [255 255 255]
  [255 255 255]
  ...
  [253 252 246]
  [255 255 247]
  [254 254 245]]

 [[255 255 255]
  [255 255 255]
  [255 255 255]
  ...
  [254 253 244]
  [255 254 243]
  [255 255 247]]

 ...

 [[ 93  73  25]
  [148 132  62]
  [155 142  47]
  ...
  [255 255 255]
  [255 255 255]
  [255 255 255]]

 [[ 94  73  26]
  [149 132  63]
  [155 142  47]
  ...
  [255 255 255]
  [255 255 255]
  [255 255 255]]

 [[ 94  73  26]
  [149 132  63]
  [155 142  47]
  ...
  [255 255 255]
  [255 255 255]
  [255 255 255]]]",1
"[[[255 255 255]
  [255 255 255]
  [255 255 255]
  ...
  [221 218  54]
  [222 220  58]
  [221 218  61]]

 [[255 255 255]
  [255 255 255]
  [255 255 255]
  ...
  [218 215  51]
  [219 217  55]
  [218 215  58]]

 [[255 255 255]
  [255 255 255]
  [255 255 255]
  ...
  [211 208  42]
  [212 210  47]
  [211 208  49]]

 ...

 [[197 153  64]
  [199 155  66]
  [201 157  68]
  ...
  [102 101   2]
  [105 103   4]
  [107 104   5]]

 [[193 149  61]
  [195 151  63]
  [197 153  65]
  ...
  [100 101   2]
  [104 103   5]
  [109 105   8]]

 [[191 147  61]
  [193 149  62]
  [195 151  64]
  ...
  [100 101   2]
  [104 103   5]
  [109 105   9]]]",1
"[[[165 181  12]
  [165 181  12]
  [161 176   7]
  ...
  [131 115  24]
  [128 112  22]
  [123 107  17]]

 [[165 181  12]
  [165 181  12]
  [161 176   7]
  ...
  [131 117  25]
  [128 113  22]
  [123 108  17]]

 [[166 182  13]
  [167 182  13]
  [163 177   8]
  ...
  [133 119  27]
  [130 115  24]
  [125 110  19]]

 ...

 [[196 181  25]
  [194 183  26]
  [188 180  22]
  ...
  [255 255 253]
  [255 255 255]
  [255 255 255]]

 [[190 175  20]
  [192 180  24]
  [189 180  23]
  ...
  [255 254 254]
  [255 254 255]
  [255 254 255]]

 [[188 172  18]
  [190 178  22]
  [189 180  23]
  ...
  [255 254 254]
  [255 254 255]
  [255 254 255]]]",1
"[[[200 180  58]
  [203 182  60]
  [204 184  61]
  ...
  [ 96 100  21]
  [ 97 100  24]
  [ 97  99  24]]

 [[202 182  58]
  [204 184  60]
  [205 185  61]
  ...
  [ 96 100  21]
  [ 97 100  24]
  [ 97  99  24]]

 [[206 187  60]
  [206 186  60]
  [207 187  61]
  ...
  [ 96 100  22]
  [ 97  99  25]
  [ 98 100  26]]

 ...

 [[151  98  24]
  [155 104  25]
  [152 104  18]
  ...
  [108 119  37]
  [108 120  37]
  [106 120  35]]

 [[171 118  45]
  [179 129  50]
  [178 130  46]
  ...
  [110 121  39]
  [107 119  36]
  [107 121  36]]

 [[180 127  54]
  [190 139  62]
  [190 142  58]
  ...
  [110 121  39]
  [107 119  36]
  [107 121  36]]]",1
"[[[255 255 255]
  [255 255 255]
  [255 255 255]
  ...
  [142 140  17]
  [142 140  17]
  [140 138  15]]

 [[255 255 255]
  [255 255 255]
  [255 255 255]
  ...
  [143 141  19]
  [143 141  19]
  [143 141  19]]

 [[255 255 255]
  [255 255 255]
  [255 255 255]
  ...
  [141 140  19]
  [140 138  18]
  [140 138  18]]

 ...

 [[255 255 255]
  [255 255 255]
  [255 255 255]
  ...
  [255 255 255]
  [255 255 255]
  [255 255 255]]

 [[255 255 255]
  [255 255 255]
  [255 255 255]
  ...
  [255 255 255]
  [255 255 255]
  [255 255 255]]

 [[255 255 255]
  [255 255 255]
  [255 255 255]
  ...
  [255 255 255]
  [255 255 255]
  [255 255 255]]]",1
"[[[255 255 255]
  [255 255 255]
  [255 255 255]
  ...
  [241 237 214]
  [169 154 102]
  [177 154  90]]

 [[255 255 255]
  [255 255 255]
  [255 255 255]
  ...
  [241 239 215]
  [169 153 102]
  [176 154  88]]

 [[255 255 255]
  [255 255 255]
  [255 255 255]
  ...
  [241 238 215]
  [168 152  99]
  [174 152  85]]

 ...

 [[150 170  26]
  [149 170  25]
  [149 170  24]
  ...
  [153 165  21]
  [151 164  20]
  [150 164  19]]

 [[151 170  25]
  [149 169  22]
  [149 169  22]
  ...
  [158 169  22]
  [156 169  22]
  [154 169  20]]

 [[151 171  24]
  [149 169  22]
  [149 169  22]
  ...
  [160 170  22]
  [159 171  23]
  [158 172  23]]]",1
"[[[255 255 255]
  [255 255 255]
  [255 255 255]
  ...
  [255 255 255]
  [255 255 255]
  [255 255 255]]

 [[255 255 255]
  [255 255 255]
  [255 255 255]
  ...
  [255 255 255]
  [255 255 255]
  [255 255 255]]

 [[255 255 255]
  [255 255 255]
  [255 255 255]
  ...
  [255 255 255]
  [255 255 255]
  [255 255 255]]

 ...

 [[255 255 255]
  [255 255 255]
  [255 255 255]
  ...
  [255 255 255]
  [255 255 255]
  [255 255 255]]

 [[255 255 255]
  [255 255 255]
  [255 255 255]
  ...
  [255 255 255]
  [255 255 255]
  [255 255 255]]

 [[255 255 255]
  [255 255 255]
  [255 255 255]
  ...
  [255 255 255]
  [255 255 255]
  [255 255 255]]]",1
"[[[245 236 233]
  [245 236 233]
  [244 237 232]
  ...
  [242 233 227]
  [243 234 229]
  [242 234 229]]

 [[245 236 233]
  [243 236 233]
  [244 237 232]
  ...
  [242 235 230]
  [242 234 231]
  [242 233 228]]

 [[245 236 234]
  [243 237 233]
  [243 236 233]
  ...
  [243 235 232]
  [243 234 230]
  [243 233 227]]

 ...

 [[244 236 233]
  [242 237 232]
  [240 235 232]
  ...
  [243 234 228]
  [243 234 229]
  [243 234 230]]

 [[243 235 232]
  [243 237 232]
  [241 236 232]
  ...
  [243 234 226]
  [244 234 229]
  [244 234 230]]

 [[241 235 231]
  [243 236 232]
  [242 236 231]
  ...
  [243 234 227]
  [243 234 229]
  [244 235 230]]]",1
"[[[241 233 230]
  [241 233 229]
  [242 234 231]
  ...
  [242 234 231]
  [242 234 228]
  [241 233 227]]

 [[241 233 230]
  [242 232 230]
  [242 233 230]
  ...
  [242 234 230]
  [242 233 230]
  [242 232 229]]

 [[241 231 229]
  [241 232 230]
  [242 232 230]
  ...
  [241 234 229]
  [242 232 230]
  [241 232 227]]

 ...

 [[241 234 228]
  [241 234 228]
  [241 234 228]
  ...
  [243 233 231]
  [243 235 233]
  [242 234 230]]

 [[241 233 227]
  [242 234 228]
  [241 233 228]
  ...
  [243 233 231]
  [243 235 232]
  [242 234 231]]

 [[241 233 227]
  [242 233 228]
  [241 233 226]
  ...
  [243 233 230]
  [242 235 232]
  [243 234 231]]]",1
"[[[234 218 211]
  [236 219 209]
  [235 220 211]
  ...
  [239 221 213]
  [239 222 214]
  [238 221 213]]

 [[236 219 210]
  [236 219 210]
  [237 220 211]
  ...
  [239 221 213]
  [240 223 215]
  [238 221 213]]

 [[236 219 210]
  [236 220 211]
  [237 220 211]
  ...
  [239 221 213]
  [239 222 214]
  [238 221 213]]

 ...

 [[135 131 118]
  [136 133 120]
  [141 136 122]
  ...
  [236 219 208]
  [236 218 208]
  [238 220 208]]

 [[147 138 122]
  [155 146 130]
  [163 154 136]
  ...
  [237 220 211]
  [236 218 207]
  [238 220 209]]

 [[176 162 144]
  [186 173 155]
  [194 181 163]
  ...
  [238 220 212]
  [237 218 208]
  [238 220 209]]]",1
"[[[240 231 227]
  [241 232 228]
  [240 232 229]
  ...
  [238 227 221]
  [239 226 219]
  [239 226 220]]

 [[240 231 226]
  [241 231 228]
  [241 233 230]
  ...
  [238 227 221]
  [238 226 220]
  [239 226 220]]

 [[240 231 226]
  [240 231 227]
  [241 233 230]
  ...
  [238 227 221]
  [238 226 221]
  [240 227 221]]

 ...

 [[241 232 228]
  [240 234 231]
  [240 235 232]
  ...
  [237 227 219]
  [238 228 221]
  [239 228 222]]

 [[241 232 228]
  [241 233 231]
  [240 234 231]
  ...
  [238 227 219]
  [239 229 222]
  [238 227 222]]

 [[241 231 227]
  [242 232 230]
  [241 234 230]
  ...
  [239 228 220]
  [239 229 222]
  [239 228 222]]]",1
"[[[239 230 226]
  [240 232 228]
  [240 230 228]
  ...
  [238 223 215]
  [238 221 216]
  [237 219 215]]

 [[239 230 226]
  [240 232 227]
  [240 230 228]
  ...
  [238 222 215]
  [237 220 216]
  [238 219 215]]

 [[240 231 227]
  [240 232 228]
  [240 231 227]
  ...
  [238 221 217]
  [236 221 216]
  [237 219 215]]

 ...

 [[241 233 230]
  [241 233 229]
  [241 232 230]
  ...
  [237 222 217]
  [237 222 214]
  [238 223 216]]

 [[241 233 230]
  [241 233 229]
  [241 233 230]
  ...
  [238 223 218]
  [239 223 215]
  [240 224 217]]

 [[242 232 230]
  [242 233 230]
  [241 233 230]
  ...
  [237 224 218]
  [239 223 215]
  [240 224 217]]]",1
"[[[230 215 213]
  [230 218 214]
  [234 220 215]
  ...
  [235 221 216]
  [237 220 215]
  [239 222 216]]

 [[230 215 213]
  [230 218 214]
  [233 219 215]
  ...
  [235 221 216]
  [236 220 214]
  [238 222 216]]

 [[231 216 214]
  [230 217 213]
  [232 218 215]
  ...
  [236 222 218]
  [236 220 215]
  [236 220 214]]

 ...

 [[232 218 213]
  [234 219 215]
  [233 219 213]
  ...
  [236 221 217]
  [237 222 217]
  [237 224 218]]

 [[232 218 214]
  [233 219 215]
  [233 219 214]
  ...
  [236 221 218]
  [237 222 217]
  [236 223 217]]

 [[233 219 214]
  [232 219 215]
  [234 218 213]
  ...
  [237 222 218]
  [238 221 216]
  [237 222 217]]]",1
"[[[239 230 224]
  [239 228 222]
  [238 229 223]
  ...
  [239 231 224]
  [239 232 226]
  [239 231 225]]

 [[239 230 224]
  [240 229 223]
  [238 227 223]
  ...
  [240 232 226]
  [240 231 226]
  [239 231 224]]

 [[238 229 223]
  [239 229 222]
  [238 227 223]
  ...
  [239 231 227]
  [239 230 225]
  [239 231 224]]

 ...

 [[239 229 221]
  [239 228 222]
  [239 228 222]
  ...
  [238 233 225]
  [239 231 224]
  [239 231 224]]

 [[240 229 222]
  [239 228 222]
  [239 228 222]
  ...
  [239 232 225]
  [238 229 223]
  [239 232 226]]

 [[240 230 222]
  [239 228 222]
  [239 228 222]
  ...
  [239 231 225]
  [238 229 223]
  [239 231 226]]]",1
"[[[236 223 219]
  [236 222 219]
  [238 223 219]
  ...
  [238 225 217]
  [237 222 215]
  [238 223 215]]

 [[236 224 218]
  [235 223 219]
  [238 224 219]
  ...
  [238 226 218]
  [238 222 215]
  [238 224 215]]

 [[237 224 216]
  [235 223 218]
  [237 224 219]
  ...
  [237 225 217]
  [238 223 216]
  [237 224 216]]

 ...

 [[241 233 227]
  [240 232 227]
  [239 231 224]
  ...
  [236 224 218]
  [237 226 218]
  [235 225 219]]

 [[240 233 228]
  [240 233 227]
  [240 232 225]
  ...
  [237 224 218]
  [237 226 218]
  [236 225 219]]

 [[240 232 229]
  [239 233 227]
  [239 232 224]
  ...
  [237 224 218]
  [237 226 218]
  [236 225 219]]]",1
"[[[239 229 223]
  [238 229 221]
  [240 229 222]
  ...
  [242 225 215]
  [242 226 215]
  [242 225 213]]

 [[240 230 221]
  [239 230 221]
  [240 230 222]
  ...
  [242 225 215]
  [242 226 215]
  [242 226 215]]

 [[239 229 221]
  [239 230 223]
  [239 229 221]
  ...
  [242 225 215]
  [242 227 215]
  [241 226 216]]

 ...

 [[239 232 224]
  [239 230 222]
  [239 231 224]
  ...
  [240 228 222]
  [239 228 222]
  [240 229 221]]

 [[240 231 224]
  [239 230 223]
  [239 231 225]
  ...
  [239 228 222]
  [240 228 222]
  [239 228 220]]

 [[240 231 224]
  [240 230 224]
  [240 232 227]
  ...
  [239 228 222]
  [240 228 222]
  [241 228 221]]]",1
"[[[239 227 218]
  [239 225 218]
  [240 226 218]
  ...
  [238 225 217]
  [238 224 216]
  [240 225 217]]

 [[239 225 218]
  [240 225 218]
  [240 226 218]
  ...
  [239 224 217]
  [238 223 216]
  [239 225 216]]

 [[239 225 217]
  [240 224 217]
  [239 225 218]
  ...
  [240 225 218]
  [239 224 216]
  [238 224 215]]

 ...

 [[238 228 213]
  [239 227 212]
  [239 227 213]
  ...
  [238 228 218]
  [238 227 217]
  [239 227 216]]

 [[239 228 214]
  [239 228 214]
  [239 227 213]
  ...
  [238 228 218]
  [238 227 218]
  [238 227 216]]

 [[238 227 213]
  [239 228 214]
  [239 227 213]
  ...
  [237 228 216]
  [238 227 217]
  [239 226 215]]]",1
"[[[234 216 211]
  [234 217 211]
  [236 219 211]
  ...
  [239 225 216]
  [239 225 216]
  [239 225 217]]

 [[234 216 211]
  [233 217 211]
  [235 218 210]
  ...
  [239 225 216]
  [239 224 216]
  [239 226 217]]

 [[233 216 210]
  [232 216 209]
  [235 218 210]
  ...
  [238 224 215]
  [239 222 214]
  [239 225 216]]

 ...

 [[238 230 223]
  [239 228 222]
  [238 228 220]
  ...
  [238 226 219]
  [238 226 219]
  [238 225 217]]

 [[239 231 224]
  [239 228 222]
  [238 228 220]
  ...
  [238 226 218]
  [238 226 218]
  [237 225 218]]

 [[239 230 224]
  [239 229 222]
  [238 228 220]
  ...
  [237 226 218]
  [238 226 218]
  [238 226 219]]]",1
"[[[239 230 225]
  [239 229 224]
  [240 230 225]
  ...
  [238 228 221]
  [239 225 217]
  [239 228 221]]

 [[239 231 225]
  [240 230 224]
  [240 230 225]
  ...
  [238 227 220]
  [238 227 218]
  [239 229 221]]

 [[239 230 225]
  [240 230 224]
  [240 230 225]
  ...
  [238 228 220]
  [239 228 220]
  [240 229 222]]

 ...

 [[242 233 228]
  [242 233 226]
  [241 234 228]
  ...
  [239 230 221]
  [239 229 222]
  [240 231 223]]

 [[242 233 228]
  [242 232 226]
  [241 233 227]
  ...
  [239 231 223]
  [240 230 224]
  [239 230 222]]

 [[242 233 228]
  [242 233 227]
  [241 233 227]
  ...
  [240 231 225]
  [240 231 225]
  [240 230 222]]]",1
"[[[243 233 232]
  [242 234 232]
  [241 235 232]
  ...
  [241 233 228]
  [241 231 228]
  [240 230 228]]

 [[242 234 231]
  [242 234 232]
  [241 235 231]
  ...
  [240 233 229]
  [240 231 228]
  [240 230 227]]

 [[242 234 231]
  [242 234 232]
  [241 235 232]
  ...
  [239 233 229]
  [240 231 228]
  [240 231 227]]

 ...

 [[242 234 231]
  [241 234 230]
  [242 233 231]
  ...
  [240 232 229]
  [240 231 229]
  [240 231 227]]

 [[242 235 230]
  [241 235 231]
  [241 234 231]
  ...
  [241 232 229]
  [241 231 229]
  [240 231 227]]

 [[242 234 232]
  [241 234 231]
  [240 235 231]
  ...
  [241 232 229]
  [241 231 228]
  [240 231 227]]]",1
"[[[238 223 216]
  [239 223 218]
  [239 225 219]
  ...
  [234 214 209]
  [234 215 208]
  [235 215 209]]

 [[238 224 217]
  [239 224 219]
  [240 224 219]
  ...
  [234 215 209]
  [234 215 208]
  [235 216 210]]

 [[239 224 218]
  [240 224 219]
  [240 223 219]
  ...
  [234 215 208]
  [235 216 208]
  [235 216 210]]

 ...

 [[239 225 219]
  [239 227 221]
  [239 228 220]
  ...
  [233 215 210]
  [232 214 208]
  [235 216 210]]

 [[238 225 220]
  [239 227 221]
  [239 228 220]
  ...
  [233 216 212]
  [233 215 209]
  [234 215 209]]

 [[238 226 220]
  [239 227 221]
  [238 227 219]
  ...
  [234 216 212]
  [233 215 209]
  [233 215 208]]]",1
"[[[238 229 224]
  [238 228 226]
  [238 228 226]
  ...
  [239 231 225]
  [239 229 226]
  [239 230 227]]

 [[238 229 225]
  [238 228 226]
  [238 228 226]
  ...
  [239 228 224]
  [239 229 226]
  [239 229 226]]

 [[238 229 226]
  [239 228 226]
  [238 228 226]
  ...
  [239 227 223]
  [238 228 225]
  [238 227 224]]

 ...

 [[238 229 221]
  [238 230 222]
  [239 228 222]
  ...
  [238 227 219]
  [238 226 220]
  [238 225 220]]

 [[239 230 223]
  [239 231 224]
  [239 229 222]
  ...
  [238 227 219]
  [238 229 222]
  [237 225 220]]

 [[238 229 222]
  [239 230 224]
  [239 228 222]
  ...
  [237 224 217]
  [238 230 222]
  [236 225 219]]]",1
"[[[237 227 225]
  [238 227 226]
  [238 227 225]
  ...
  [238 226 223]
  [238 226 222]
  [237 227 223]]

 [[237 227 225]
  [238 227 226]
  [239 228 226]
  ...
  [238 225 222]
  [238 226 222]
  [237 226 223]]

 [[238 228 226]
  [238 227 225]
  [238 229 225]
  ...
  [238 225 221]
  [238 225 221]
  [238 225 223]]

 ...

 [[237 226 223]
  [238 227 222]
  [238 226 224]
  ...
  [240 226 225]
  [239 226 223]
  [238 227 223]]

 [[238 226 223]
  [237 226 224]
  [237 226 224]
  ...
  [239 227 224]
  [239 227 223]
  [237 226 223]]

 [[238 226 223]
  [237 226 225]
  [237 226 224]
  ...
  [238 227 223]
  [238 227 223]
  [238 226 223]]]",1
"[[[240 230 228]
  [240 230 228]
  [239 230 227]
  ...
  [239 231 226]
  [239 228 224]
  [239 227 224]]

 [[240 230 228]
  [240 230 228]
  [239 230 227]
  ...
  [240 231 226]
  [239 229 225]
  [239 227 225]]

 [[240 230 228]
  [240 230 228]
  [240 231 227]
  ...
  [240 230 225]
  [239 230 226]
  [238 228 225]]

 ...

 [[239 230 225]
  [238 229 223]
  [239 228 224]
  ...
  [239 229 225]
  [237 226 222]
  [239 228 222]]

 [[239 229 225]
  [239 228 223]
  [239 228 224]
  ...
  [239 229 227]
  [239 228 223]
  [240 228 222]]

 [[239 229 224]
  [238 227 222]
  [239 228 224]
  ...
  [239 229 227]
  [238 228 222]
  [239 227 221]]]",1
"[[[238 228 223]
  [239 231 225]
  [239 229 224]
  ...
  [238 227 223]
  [238 227 223]
  [239 231 225]]

 [[239 228 223]
  [240 231 225]
  [239 228 225]
  ...
  [238 227 223]
  [238 227 224]
  [239 230 225]]

 [[238 229 223]
  [240 230 225]
  [240 229 227]
  ...
  [239 228 224]
  [239 227 224]
  [239 229 224]]

 ...

 [[240 224 210]
  [241 225 211]
  [240 225 212]
  ...
  [239 226 220]
  [238 226 219]
  [239 226 219]]

 [[241 225 210]
  [241 225 212]
  [241 225 212]
  ...
  [238 226 220]
  [238 226 219]
  [238 226 220]]

 [[240 224 210]
  [240 224 211]
  [241 225 212]
  ...
  [238 226 220]
  [238 226 220]
  [238 226 220]]]",1
"[[[239 229 227]
  [238 228 226]
  [238 230 227]
  ...
  [231 216 211]
  [229 215 210]
  [229 214 210]]

 [[239 229 227]
  [238 229 227]
  [238 230 227]
  ...
  [231 216 211]
  [229 215 210]
  [228 214 210]]

 [[239 229 227]
  [239 229 227]
  [239 230 228]
  ...
  [231 215 210]
  [228 215 209]
  [228 214 211]]

 ...

 [[239 230 228]
  [239 229 227]
  [239 230 227]
  ...
  [230 216 213]
  [231 216 211]
  [232 216 212]]

 [[239 230 227]
  [239 229 227]
  [239 230 227]
  ...
  [231 217 213]
  [231 216 211]
  [232 216 213]]

 [[239 230 227]
  [239 229 227]
  [239 230 228]
  ...
  [232 217 212]
  [233 217 212]
  [232 217 213]]]",1
"[[[242 234 232]
  [241 234 232]
  [241 236 233]
  ...
  [240 232 230]
  [239 231 227]
  [241 232 229]]

 [[242 234 232]
  [242 234 232]
  [241 235 232]
  ...
  [241 233 230]
  [240 232 228]
  [241 232 229]]

 [[240 235 231]
  [242 234 231]
  [241 235 232]
  ...
  [242 232 229]
  [241 232 228]
  [241 231 229]]

 ...

 [[242 233 231]
  [243 233 230]
  [241 234 231]
  ...
  [240 233 229]
  [239 231 224]
  [240 233 227]]

 [[243 234 231]
  [242 232 230]
  [240 233 230]
  ...
  [241 233 229]
  [240 233 226]
  [240 233 228]]

 [[241 234 231]
  [241 233 230]
  [240 233 230]
  ...
  [240 233 230]
  [241 233 228]
  [240 232 228]]]",1
"[[[240 233 230]
  [242 234 231]
  [242 233 230]
  ...
  [239 229 223]
  [239 228 220]
  [239 228 221]]

 [[241 234 229]
  [241 235 231]
  [242 234 231]
  ...
  [239 230 223]
  [238 227 219]
  [239 229 222]]

 [[241 234 229]
  [241 234 230]
  [241 234 230]
  ...
  [239 231 223]
  [238 228 220]
  [240 230 222]]

 ...

 [[240 231 224]
  [241 232 226]
  [241 232 227]
  ...
  [241 231 223]
  [241 231 223]
  [241 230 220]]

 [[240 231 224]
  [241 233 226]
  [241 232 227]
  ...
  [241 231 222]
  [241 231 222]
  [241 230 220]]

 [[239 231 224]
  [240 232 226]
  [241 232 226]
  ...
  [240 230 221]
  [241 231 222]
  [241 230 221]]]",1
"[[[239 230 224]
  [240 229 223]
  [240 230 224]
  ...
  [241 225 214]
  [241 231 222]
  [241 233 227]]

 [[239 230 225]
  [240 229 223]
  [239 228 223]
  ...
  [242 230 222]
  [241 232 224]
  [240 232 226]]

 [[240 231 226]
  [240 230 224]
  [239 228 223]
  ...
  [241 233 226]
  [242 233 227]
  [241 232 226]]

 ...

 [[240 232 226]
  [240 231 226]
  [241 231 226]
  ...
  [240 229 223]
  [239 229 223]
  [240 231 224]]

 [[239 231 226]
  [240 231 226]
  [240 231 226]
  ...
  [240 230 223]
  [239 229 222]
  [240 230 224]]

 [[239 229 224]
  [240 231 226]
  [240 231 225]
  ...
  [240 232 224]
  [240 230 224]
  [239 228 223]]]",2
"[[[239 227 220]
  [238 227 220]
  [239 228 222]
  ...
  [240 223 213]
  [242 224 216]
  [241 224 217]]

 [[239 228 221]
  [238 227 220]
  [239 227 221]
  ...
  [241 223 215]
  [241 225 217]
  [240 224 216]]

 [[240 228 221]
  [238 227 220]
  [238 227 221]
  ...
  [241 222 215]
  [240 226 217]
  [241 225 216]]

 ...

 [[240 232 226]
  [240 231 224]
  [240 229 224]
  ...
  [239 225 218]
  [239 227 218]
  [240 226 218]]

 [[240 231 225]
  [240 230 224]
  [240 229 225]
  ...
  [239 224 216]
  [239 226 217]
  [241 226 217]]

 [[240 231 226]
  [240 231 224]
  [240 229 224]
  ...
  [240 224 216]
  [240 224 216]
  [240 225 217]]]",2
"[[[238 227 221]
  [238 228 220]
  [239 229 223]
  ...
  [242 223 211]
  [241 221 210]
  [241 221 210]]

 [[238 227 221]
  [238 228 220]
  [239 229 223]
  ...
  [241 222 211]
  [241 221 210]
  [242 221 210]]

 [[240 227 219]
  [238 227 219]
  [239 229 223]
  ...
  [242 222 211]
  [241 221 210]
  [242 222 209]]

 ...

 [[239 227 219]
  [239 228 221]
  [238 228 221]
  ...
  [239 225 217]
  [240 224 217]
  [240 223 216]]

 [[239 227 219]
  [238 227 221]
  [238 227 220]
  ...
  [239 225 217]
  [240 224 217]
  [240 224 216]]

 [[239 227 219]
  [238 227 220]
  [239 227 220]
  ...
  [239 224 217]
  [239 224 217]
  [240 224 216]]]",2
"[[[241 232 229]
  [240 232 228]
  [239 231 228]
  ...
  [240 232 225]
  [240 231 227]
  [239 231 227]]

 [[241 232 227]
  [240 232 228]
  [240 231 227]
  ...
  [240 231 226]
  [240 231 228]
  [240 231 225]]

 [[241 232 227]
  [240 230 227]
  [240 231 228]
  ...
  [240 231 226]
  [240 231 228]
  [240 229 224]]

 ...

 [[240 233 228]
  [240 233 230]
  [240 234 230]
  ...
  [235 220 215]
  [235 219 213]
  [236 220 213]]

 [[240 233 228]
  [241 233 230]
  [242 234 230]
  ...
  [237 220 215]
  [237 220 214]
  [235 219 213]]

 [[240 233 227]
  [241 233 230]
  [242 234 229]
  ...
  [237 220 216]
  [235 219 215]
  [235 219 214]]]",2
"[[[242 237 234]
  [243 236 234]
  [244 237 234]
  ...
  [240 232 225]
  [241 232 225]
  [241 232 226]]

 [[242 236 234]
  [243 236 234]
  [242 237 234]
  ...
  [240 232 225]
  [241 232 225]
  [241 232 226]]

 [[243 236 234]
  [243 236 234]
  [243 237 234]
  ...
  [240 232 226]
  [241 232 225]
  [240 233 226]]

 ...

 [[242 234 230]
  [242 234 228]
  [242 233 230]
  ...
  [240 231 225]
  [240 231 224]
  [241 231 224]]

 [[242 234 230]
  [241 234 228]
  [242 233 230]
  ...
  [240 231 224]
  [240 231 225]
  [241 232 224]]

 [[242 234 230]
  [241 234 228]
  [242 233 230]
  ...
  [240 231 224]
  [240 231 226]
  [241 232 225]]]",2
"[[[244 236 234]
  [244 236 234]
  [244 236 234]
  ...
  [238 227 221]
  [239 230 222]
  [240 230 224]]

 [[242 237 234]
  [243 236 233]
  [244 236 234]
  ...
  [238 228 222]
  [239 229 222]
  [239 230 224]]

 [[242 237 234]
  [242 237 234]
  [242 237 234]
  ...
  [238 227 222]
  [239 229 223]
  [239 228 223]]

 ...

 [[242 233 231]
  [242 233 231]
  [242 232 230]
  ...
  [240 229 221]
  [239 228 220]
  [240 227 219]]

 [[242 233 231]
  [242 233 230]
  [241 233 230]
  ...
  [239 229 221]
  [239 228 220]
  [239 229 220]]

 [[243 234 231]
  [242 233 230]
  [241 233 230]
  ...
  [239 228 222]
  [238 229 220]
  [238 229 220]]]",2
"[[[248 242 241]
  [248 242 240]
  [247 242 240]
  ...
  [244 236 233]
  [244 237 234]
  [245 238 235]]

 [[248 242 241]
  [248 242 240]
  [247 242 240]
  ...
  [244 237 233]
  [245 238 235]
  [246 238 236]]

 [[248 243 241]
  [248 241 241]
  [247 242 240]
  ...
  [244 238 235]
  [244 238 234]
  [246 238 235]]

 ...

 [[164 170 186]
  [164 170 186]
  [166 171 186]
  ...
  [245 237 235]
  [245 238 235]
  [244 238 235]]

 [[163 169 185]
  [164 169 185]
  [166 170 185]
  ...
  [245 237 235]
  [244 237 235]
  [245 237 235]]

 [[163 168 185]
  [165 168 185]
  [166 170 186]
  ...
  [245 237 235]
  [244 238 235]
  [245 238 235]]]",2
"[[[249 242 243]
  [249 244 244]
  [249 245 244]
  ...
  [246 240 236]
  [247 239 236]
  [247 239 236]]

 [[248 242 242]
  [249 244 243]
  [249 245 244]
  ...
  [246 240 236]
  [247 239 236]
  [245 239 236]]

 [[248 243 243]
  [249 244 243]
  [249 245 244]
  ...
  [247 240 236]
  [247 239 237]
  [246 240 236]]

 ...

 [[248 243 240]
  [249 243 243]
  [249 243 241]
  ...
  [247 240 237]
  [246 241 237]
  [247 240 237]]

 [[248 243 240]
  [249 243 242]
  [249 243 241]
  ...
  [247 240 237]
  [246 240 237]
  [247 239 237]]

 [[248 243 240]
  [249 243 241]
  [249 243 241]
  ...
  [247 239 237]
  [247 240 237]
  [248 240 237]]]",2
"[[[242 233 228]
  [242 233 228]
  [241 233 227]
  ...
  [238 226 220]
  [238 227 218]
  [238 227 219]]

 [[242 233 228]
  [242 233 228]
  [241 234 228]
  ...
  [239 226 220]
  [240 226 217]
  [239 226 217]]

 [[241 232 226]
  [242 233 228]
  [241 234 228]
  ...
  [239 224 219]
  [239 222 213]
  [239 222 213]]

 ...

 [[241 233 230]
  [241 234 229]
  [242 233 227]
  ...
  [239 225 217]
  [239 225 217]
  [239 224 217]]

 [[241 233 230]
  [241 233 228]
  [241 232 227]
  ...
  [239 224 216]
  [239 223 214]
  [240 224 217]]

 [[242 234 230]
  [241 233 228]
  [241 232 227]
  ...
  [239 224 215]
  [239 225 215]
  [239 224 217]]]",2
"[[[242 233 230]
  [242 233 229]
  [242 233 227]
  ...
  [235 217 209]
  [235 217 210]
  [236 218 208]]

 [[241 233 229]
  [242 233 228]
  [242 233 228]
  ...
  [235 216 209]
  [234 217 210]
  [235 217 209]]

 [[241 233 228]
  [242 233 228]
  [242 233 228]
  ...
  [235 216 209]
  [235 217 210]
  [235 217 210]]

 ...

 [[241 233 228]
  [242 233 228]
  [241 234 228]
  ...
  [236 219 212]
  [236 219 211]
  [236 218 211]]

 [[241 233 228]
  [242 233 229]
  [241 233 228]
  ...
  [236 218 211]
  [236 218 210]
  [237 219 212]]

 [[242 233 229]
  [242 232 230]
  [241 233 228]
  ...
  [236 219 211]
  [236 219 210]
  [236 219 212]]]",2
"[[[241 232 230]
  [241 233 230]
  [241 232 230]
  ...
  [239 228 222]
  [239 230 223]
  [238 228 221]]

 [[241 232 230]
  [241 233 230]
  [241 232 230]
  ...
  [239 229 224]
  [240 229 223]
  [238 228 220]]

 [[242 233 230]
  [242 232 230]
  [242 232 230]
  ...
  [240 230 224]
  [240 229 223]
  [239 228 221]]

 ...

 [[242 234 228]
  [241 233 226]
  [242 234 228]
  ...
  [240 229 222]
  [239 230 223]
  [238 228 221]]

 [[242 234 229]
  [242 234 228]
  [242 234 228]
  ...
  [240 230 221]
  [239 229 221]
  [238 228 220]]

 [[241 233 229]
  [242 234 228]
  [241 234 227]
  ...
  [240 231 222]
  [240 230 222]
  [239 229 222]]]",2
"[[[241 233 230]
  [241 233 230]
  [241 232 230]
  ...
  [237 227 220]
  [237 229 222]
  [237 227 220]]

 [[241 233 230]
  [241 233 230]
  [241 233 231]
  ...
  [237 226 220]
  [236 227 221]
  [237 227 220]]

 [[240 232 229]
  [240 232 229]
  [242 234 231]
  ...
  [239 229 222]
  [238 227 221]
  [237 226 220]]

 ...

 [[242 234 231]
  [242 235 231]
  [242 233 229]
  ...
  [237 226 220]
  [239 229 219]
  [238 226 219]]

 [[241 233 230]
  [242 235 230]
  [242 233 228]
  ...
  [238 227 221]
  [239 229 220]
  [238 227 220]]

 [[241 233 230]
  [242 234 228]
  [242 233 228]
  ...
  [238 227 221]
  [238 227 220]
  [237 226 220]]]",2
"[[[243 236 235]
  [244 236 234]
  [242 237 234]
  ...
  [241 235 231]
  [241 235 231]
  [241 234 230]]

 [[244 236 235]
  [243 237 234]
  [242 237 234]
  ...
  [242 233 230]
  [241 235 231]
  [240 235 230]]

 [[244 236 234]
  [243 237 234]
  [242 237 235]
  ...
  [243 234 230]
  [242 235 232]
  [240 235 231]]

 ...

 [[245 237 235]
  [245 237 235]
  [243 237 234]
  ...
  [241 232 229]
  [241 233 228]
  [241 233 228]]

 [[245 237 235]
  [244 237 235]
  [243 238 234]
  ...
  [241 232 229]
  [241 233 229]
  [241 233 229]]

 [[245 237 235]
  [243 238 235]
  [243 238 233]
  ...
  [241 233 229]
  [240 233 230]
  [241 234 229]]]",2
"[[[240 234 230]
  [241 234 230]
  [242 233 230]
  ...
  [240 232 225]
  [240 233 228]
  [240 233 227]]

 [[241 234 230]
  [240 234 231]
  [240 234 229]
  ...
  [240 232 226]
  [240 233 226]
  [240 232 227]]

 [[241 233 230]
  [242 233 231]
  [240 234 230]
  ...
  [240 232 226]
  [240 231 226]
  [241 232 227]]

 ...

 [[240 235 231]
  [240 235 231]
  [240 235 231]
  ...
  [237 225 216]
  [238 226 216]
  [237 223 215]]

 [[240 235 231]
  [240 234 231]
  [240 234 230]
  ...
  [238 226 217]
  [237 226 218]
  [238 225 217]]

 [[240 235 232]
  [241 234 232]
  [240 235 231]
  ...
  [238 226 219]
  [237 226 220]
  [237 226 217]]]",2
"[[[241 231 229]
  [240 233 230]
  [239 234 230]
  ...
  [239 229 223]
  [238 228 222]
  [239 228 222]]

 [[240 230 228]
  [240 233 230]
  [240 234 230]
  ...
  [239 230 224]
  [238 228 223]
  [238 227 221]]

 [[240 232 229]
  [240 234 230]
  [240 233 230]
  ...
  [238 230 224]
  [238 228 222]
  [238 226 220]]

 ...

 [[241 234 231]
  [241 234 229]
  [241 233 229]
  ...
  [239 230 224]
  [240 231 224]
  [239 231 226]]

 [[240 234 230]
  [240 234 230]
  [241 233 229]
  ...
  [240 231 225]
  [240 230 224]
  [239 230 226]]

 [[240 235 231]
  [240 233 230]
  [241 233 228]
  ...
  [240 231 225]
  [240 230 224]
  [239 229 226]]]",2
"[[[236 224 219]
  [237 223 220]
  [237 225 223]
  ...
  [225 211 208]
  [225 211 206]
  [223 209 205]]

 [[237 225 221]
  [236 223 219]
  [238 226 223]
  ...
  [225 211 208]
  [225 211 206]
  [223 209 205]]

 [[238 226 223]
  [237 224 220]
  [237 225 222]
  ...
  [225 211 207]
  [225 211 206]
  [223 209 206]]

 ...

 [[237 224 220]
  [237 224 218]
  [236 224 219]
  ...
  [226 212 207]
  [227 211 207]
  [226 212 207]]

 [[238 224 220]
  [237 224 218]
  [236 224 220]
  ...
  [226 212 208]
  [225 211 206]
  [226 212 206]]

 [[238 224 220]
  [237 224 220]
  [236 223 220]
  ...
  [225 212 208]
  [225 211 206]
  [227 211 206]]]",2
"[[[237 226 224]
  [236 224 222]
  [237 226 224]
  ...
  [238 226 222]
  [237 226 223]
  [222 208 210]]

 [[237 226 224]
  [237 224 223]
  [236 226 223]
  ...
  [238 227 222]
  [238 227 224]
  [234 220 220]]

 [[237 225 223]
  [237 225 223]
  [238 226 223]
  ...
  [238 227 223]
  [237 226 222]
  [238 225 222]]

 ...

 [[237 226 224]
  [238 227 224]
  [237 227 222]
  ...
  [237 225 221]
  [236 226 223]
  [238 228 225]]

 [[237 226 224]
  [238 227 224]
  [238 227 223]
  ...
  [237 226 221]
  [237 226 222]
  [238 227 225]]

 [[238 224 223]
  [237 225 223]
  [238 227 223]
  ...
  [236 227 222]
  [238 226 222]
  [239 226 224]]]",2
"[[[240 231 229]
  [240 231 228]
  [239 228 226]
  ...
  [239 229 226]
  [239 230 225]
  [239 231 227]]

 [[241 232 229]
  [240 231 228]
  [239 229 227]
  ...
  [239 229 227]
  [239 230 225]
  [240 231 225]]

 [[241 232 230]
  [240 231 228]
  [239 230 227]
  ...
  [239 229 227]
  [238 228 224]
  [240 232 226]]

 ...

 [[239 228 225]
  [238 229 225]
  [239 231 226]
  ...
  [238 229 224]
  [238 230 224]
  [238 227 223]]

 [[239 229 226]
  [238 228 226]
  [239 230 227]
  ...
  [238 229 224]
  [238 230 224]
  [238 228 224]]

 [[238 230 226]
  [238 228 226]
  [239 230 228]
  ...
  [237 228 223]
  [238 229 224]
  [238 228 224]]]",2
"[[[236 222 219]
  [237 222 217]
  [236 222 219]
  ...
  [238 226 222]
  [238 226 222]
  [238 228 223]]

 [[236 222 220]
  [236 221 218]
  [236 222 218]
  ...
  [238 226 222]
  [237 226 221]
  [238 228 223]]

 [[236 221 220]
  [236 222 218]
  [237 222 218]
  ...
  [238 227 222]
  [237 226 222]
  [238 228 222]]

 ...

 [[237 223 220]
  [238 224 220]
  [237 225 221]
  ...
  [238 227 223]
  [238 229 225]
  [238 228 223]]

 [[237 223 220]
  [237 224 219]
  [236 224 220]
  ...
  [237 226 222]
  [237 228 223]
  [238 228 223]]

 [[237 223 220]
  [238 224 219]
  [236 224 221]
  ...
  [237 226 222]
  [238 228 222]
  [238 228 223]]]",2
"[[[238 227 221]
  [238 227 221]
  [238 227 221]
  ...
  [238 225 221]
  [237 226 221]
  [239 226 220]]

 [[238 227 221]
  [238 227 221]
  [238 227 221]
  ...
  [239 225 222]
  [239 226 220]
  [239 225 219]]

 [[240 229 223]
  [239 228 222]
  [238 227 221]
  ...
  [239 225 222]
  [239 226 220]
  [239 226 219]]

 ...

 [[239 227 220]
  [239 226 218]
  [239 225 219]
  ...
  [238 226 219]
  [238 225 220]
  [240 226 220]]

 [[239 227 220]
  [240 226 218]
  [239 226 219]
  ...
  [238 226 220]
  [238 224 219]
  [239 226 218]]

 [[239 227 220]
  [240 227 219]
  [239 226 220]
  ...
  [238 226 219]
  [240 223 218]
  [238 226 218]]]",2
"[[[238 223 218]
  [237 225 219]
  [237 226 219]
  ...
  [237 224 217]
  [238 222 218]
  [238 222 217]]

 [[237 224 218]
  [237 224 218]
  [238 225 219]
  ...
  [238 221 215]
  [238 223 218]
  [239 222 216]]

 [[237 224 218]
  [237 224 218]
  [238 225 218]
  ...
  [239 222 215]
  [239 224 217]
  [238 222 215]]

 ...

 [[239 222 215]
  [239 223 216]
  [239 223 216]
  ...
  [237 221 217]
  [238 221 217]
  [238 221 217]]

 [[240 223 216]
  [239 223 216]
  [238 222 215]
  ...
  [237 223 217]
  [237 222 217]
  [238 221 217]]

 [[240 223 216]
  [239 224 216]
  [238 223 216]
  ...
  [237 223 216]
  [237 222 217]
  [238 222 217]]]",2
"[[[238 228 226]
  [238 229 225]
  [238 228 225]
  ...
  [237 222 219]
  [237 222 218]
  [237 222 217]]

 [[238 228 226]
  [239 230 225]
  [238 228 226]
  ...
  [236 222 219]
  [237 222 217]
  [236 221 217]]

 [[239 229 227]
  [239 230 226]
  [238 228 225]
  ...
  [236 223 219]
  [236 223 217]
  [235 221 216]]

 ...

 [[238 228 223]
  [237 226 222]
  [237 226 222]
  ...
  [234 222 218]
  [237 222 217]
  [236 222 219]]

 [[238 228 223]
  [237 227 221]
  [237 226 222]
  ...
  [234 222 218]
  [236 221 217]
  [236 222 219]]

 [[238 227 223]
  [237 227 221]
  [237 226 222]
  ...
  [234 221 218]
  [237 219 216]
  [238 222 219]]]",2
"[[[238 224 220]
  [237 225 220]
  [238 225 221]
  ...
  [237 224 218]
  [237 220 215]
  [237 222 216]]

 [[238 224 220]
  [238 225 220]
  [238 225 221]
  ...
  [237 224 219]
  [237 220 215]
  [236 222 216]]

 [[237 223 220]
  [238 224 220]
  [237 225 221]
  ...
  [237 223 218]
  [236 220 216]
  [235 221 215]]

 ...

 [[237 226 222]
  [237 226 222]
  [237 226 222]
  ...
  [236 222 217]
  [234 220 218]
  [235 220 216]]

 [[236 225 222]
  [236 225 222]
  [237 226 222]
  ...
  [236 221 217]
  [235 221 218]
  [236 221 217]]

 [[236 225 222]
  [235 224 221]
  [237 226 223]
  ...
  [236 221 217]
  [235 221 217]
  [236 222 217]]]",2
"[[[164 169  68]
  [163 166  66]
  [163 165  64]
  ...
  [151 122  50]
  [157 126  56]
  [154 120  53]]

 [[163 168  68]
  [163 166  66]
  [164 166  65]
  ...
  [156 127  54]
  [162 131  60]
  [160 125  57]]

 [[161 166  67]
  [163 165  67]
  [166 168  67]
  ...
  [169 139  64]
  [175 143  70]
  [173 138  67]]

 ...

 [[103  79  34]
  [102  78  35]
  [ 98  74  34]
  ...
  [ 83  61  35]
  [ 85  66  36]
  [ 78  60  28]]

 [[103  79  34]
  [102  77  35]
  [ 97  73  34]
  ...
  [ 81  61  34]
  [ 83  65  35]
  [ 76  60  27]]

 [[103  79  34]
  [102  77  35]
  [ 97  73  34]
  ...
  [ 80  61  34]
  [ 82  65  35]
  [ 75  60  27]]]",2
"[[[186 180 170]
  [213 210 202]
  [255 255 254]
  ...
  [254 255 255]
  [254 255 255]
  [254 255 254]]

 [[186 180 170]
  [213 210 202]
  [255 255 254]
  ...
  [254 255 255]
  [254 255 255]
  [254 255 254]]

 [[185 180 171]
  [213 210 202]
  [255 255 254]
  ...
  [254 255 255]
  [254 255 255]
  [254 255 254]]

 ...

 [[167 170  71]
  [170 173  75]
  [166 170  73]
  ...
  [255 255 255]
  [255 255 255]
  [255 255 255]]

 [[170 172  73]
  [173 175  76]
  [168 172  74]
  ...
  [255 255 255]
  [255 255 255]
  [255 255 255]]

 [[171 173  74]
  [174 176  77]
  [169 173  75]
  ...
  [255 255 255]
  [255 255 255]
  [255 255 255]]]",2
"[[[255 255 255]
  [255 255 255]
  [255 255 255]
  ...
  [150 143  70]
  [151 145  72]
  [147 143  70]]

 [[255 255 255]
  [255 255 255]
  [255 255 255]
  ...
  [148 141  69]
  [149 144  71]
  [146 142  69]]

 [[255 255 255]
  [255 255 255]
  [255 255 255]
  ...
  [145 138  66]
  [146 141  69]
  [143 140  67]]

 ...

 [[145 165  68]
  [149 169  72]
  [150 169  71]
  ...
  [ 79  57  22]
  [ 81  58  23]
  [ 87  63  29]]

 [[146 166  69]
  [149 169  72]
  [151 169  72]
  ...
  [ 80  57  23]
  [ 82  58  24]
  [ 88  64  30]]

 [[147 166  70]
  [149 169  72]
  [151 169  72]
  ...
  [ 80  57  23]
  [ 82  58  24]
  [ 88  64  31]]]",2
"[[[255 255 255]
  [255 255 255]
  [255 255 255]
  ...
  [255 255 255]
  [255 255 255]
  [255 255 255]]

 [[255 255 255]
  [255 255 255]
  [255 255 255]
  ...
  [255 255 255]
  [255 255 255]
  [255 255 255]]

 [[255 255 255]
  [255 255 255]
  [255 255 255]
  ...
  [255 255 255]
  [255 255 255]
  [255 255 255]]

 ...

 [[255 255 255]
  [255 255 255]
  [255 255 255]
  ...
  [255 255 255]
  [255 255 255]
  [255 255 255]]

 [[255 255 255]
  [255 255 255]
  [255 255 255]
  ...
  [255 255 255]
  [255 255 255]
  [255 255 255]]

 [[255 255 255]
  [255 255 255]
  [255 255 255]
  ...
  [255 255 255]
  [255 255 255]
  [255 255 255]]]",2
"[[[255 255 255]
  [255 255 255]
  [255 255 255]
  ...
  [255 255 255]
  [255 255 255]
  [255 255 255]]

 [[255 255 255]
  [255 255 255]
  [255 255 255]
  ...
  [255 255 255]
  [255 255 255]
  [255 255 255]]

 [[255 255 255]
  [255 255 255]
  [255 255 255]
  ...
  [255 255 255]
  [255 255 255]
  [255 255 255]]

 ...

 [[255 255 255]
  [255 255 255]
  [255 255 255]
  ...
  [255 255 255]
  [255 255 255]
  [255 255 255]]

 [[255 255 255]
  [255 255 255]
  [255 255 255]
  ...
  [255 255 255]
  [255 255 255]
  [255 255 255]]

 [[255 255 255]
  [255 255 255]
  [255 255 255]
  ...
  [255 255 255]
  [255 255 255]
  [255 255 255]]]",2
"[[[255 255 255]
  [255 255 255]
  [255 255 255]
  ...
  [255 255 255]
  [255 255 255]
  [254 254 254]]

 [[255 255 255]
  [255 255 255]
  [255 255 255]
  ...
  [255 255 255]
  [255 255 255]
  [254 254 254]]

 [[255 255 255]
  [255 255 255]
  [255 255 255]
  ...
  [255 255 255]
  [255 255 255]
  [254 254 254]]

 ...

 [[246 246 246]
  [244 244 244]
  [246 246 246]
  ...
  [255 255 255]
  [255 255 255]
  [255 255 255]]

 [[246 246 246]
  [244 244 244]
  [247 247 247]
  ...
  [255 255 255]
  [255 255 255]
  [255 255 255]]

 [[246 246 246]
  [244 244 244]
  [247 247 247]
  ...
  [254 254 254]
  [255 255 255]
  [255 255 255]]]",2
"[[[255 255 255]
  [255 255 255]
  [255 255 255]
  ...
  [255 255 255]
  [255 255 255]
  [250 250 250]]

 [[255 255 255]
  [255 255 255]
  [255 255 255]
  ...
  [255 255 255]
  [255 255 255]
  [250 250 250]]

 [[255 255 255]
  [255 255 255]
  [255 255 255]
  ...
  [255 255 255]
  [255 255 255]
  [250 250 250]]

 ...

 [[255 255 255]
  [255 255 255]
  [255 255 255]
  ...
  [255 255 255]
  [255 255 255]
  [255 255 255]]

 [[255 255 255]
  [255 255 255]
  [255 255 255]
  ...
  [255 255 255]
  [255 255 255]
  [254 254 254]]

 [[255 255 255]
  [255 255 255]
  [255 255 255]
  ...
  [255 255 255]
  [255 255 255]
  [254 254 254]]]",2
"[[[246 246 246]
  [239 239 239]
  [243 243 243]
  ...
  [248 248 248]
  [248 248 248]
  [247 247 245]]

 [[247 247 247]
  [243 243 243]
  [244 244 244]
  ...
  [248 248 248]
  [248 248 248]
  [247 247 246]]

 [[247 247 247]
  [246 246 246]
  [247 247 247]
  ...
  [247 247 247]
  [247 247 247]
  [247 247 247]]

 ...

 [[255 255 255]
  [255 255 255]
  [255 255 255]
  ...
  [255 255 255]
  [255 255 255]
  [247 247 247]]

 [[255 255 255]
  [255 255 255]
  [255 255 255]
  ...
  [255 255 255]
  [255 255 255]
  [248 248 248]]

 [[255 255 255]
  [255 255 255]
  [255 255 255]
  ...
  [255 255 255]
  [255 255 255]
  [248 248 248]]]",2
"[[[205 212 202]
  [200 208 197]
  [202 210 199]
  ...
  [195 202 192]
  [195 201 191]
  [196 202 192]]

 [[205 212 203]
  [201 208 197]
  [203 210 199]
  ...
  [194 201 193]
  [196 202 194]
  [194 200 190]]

 [[201 206 196]
  [199 205 195]
  [201 207 198]
  ...
  [197 202 195]
  [197 202 195]
  [195 200 192]]

 ...

 [[192 199 191]
  [195 200 193]
  [195 200 193]
  ...
  [193 197 191]
  [191 196 190]
  [189 193 187]]

 [[192 199 191]
  [195 200 193]
  [195 200 193]
  ...
  [193 197 191]
  [188 193 187]
  [189 193 188]]

 [[191 198 190]
  [194 199 192]
  [196 201 194]
  ...
  [190 195 189]
  [189 194 188]
  [193 197 191]]]",2
"[[[255 255 255]
  [255 255 255]
  [255 255 255]
  ...
  [255 255 255]
  [255 255 255]
  [239 237 229]]

 [[255 255 255]
  [255 255 255]
  [255 255 255]
  ...
  [255 255 255]
  [255 255 254]
  [255 255 255]]

 [[255 255 255]
  [255 255 255]
  [255 255 255]
  ...
  [255 255 255]
  [255 255 254]
  [255 255 255]]

 ...

 [[255 255 255]
  [255 255 255]
  [255 255 255]
  ...
  [255 255 255]
  [255 255 255]
  [255 255 255]]

 [[255 255 255]
  [255 255 255]
  [255 255 255]
  ...
  [255 255 255]
  [255 255 255]
  [255 255 255]]

 [[255 255 255]
  [255 255 255]
  [255 255 255]
  ...
  [255 255 255]
  [255 255 255]
  [255 255 255]]]",2
"[[[ 85 118  31]
  [ 85 118  32]
  [ 83 118  30]
  ...
  [144 142 103]
  [138 136  97]
  [135 133  94]]

 [[ 89 122  34]
  [ 88 122  34]
  [ 86 121  31]
  ...
  [140 139  98]
  [143 141 101]
  [142 140 100]]

 [[ 95 128  38]
  [ 94 128  38]
  [ 94 130  38]
  ...
  [140 137  95]
  [144 141  99]
  [143 140  98]]

 ...

 [[127 155  71]
  [126 154  69]
  [124 152  64]
  ...
  [101 123  17]
  [103 125  19]
  [ 98 119  14]]

 [[122 152  67]
  [117 148  62]
  [114 145  56]
  ...
  [105 130  21]
  [112 136  28]
  [111 136  27]]

 [[114 144  58]
  [108 138  52]
  [106 136  47]
  ...
  [ 99 125  16]
  [ 98 124  15]
  [101 127  18]]]",2
"[[[255 255 255]
  [255 255 255]
  [255 255 255]
  ...
  [ 80 117  24]
  [ 79 116  23]
  [ 79 116  23]]

 [[255 255 255]
  [255 255 255]
  [255 255 255]
  ...
  [ 79 116  23]
  [ 78 115  22]
  [ 79 116  23]]

 [[255 255 255]
  [255 255 255]
  [255 255 255]
  ...
  [ 79 116  23]
  [ 78 115  22]
  [ 79 116  23]]

 ...

 [[132 107  66]
  [137 123  75]
  [138 139  76]
  ...
  [ 88 121  23]
  [ 88 120  23]
  [ 87 119  22]]

 [[132 106  67]
  [150 136  89]
  [143 144  82]
  ...
  [ 88 119  23]
  [ 88 120  23]
  [ 86 119  22]]

 [[131 105  66]
  [167 153 106]
  [142 143  82]
  ...
  [ 87 118  23]
  [ 87 119  22]
  [ 86 119  22]]]",2
"[[[255 255 255]
  [255 255 255]
  [255 255 255]
  ...
  [255 255 255]
  [255 255 255]
  [255 255 255]]

 [[255 255 255]
  [255 255 255]
  [255 255 255]
  ...
  [255 255 255]
  [255 255 255]
  [255 255 255]]

 [[255 255 255]
  [255 255 255]
  [255 255 255]
  ...
  [255 255 255]
  [255 255 255]
  [255 255 255]]

 ...

 [[255 255 255]
  [255 255 255]
  [255 255 255]
  ...
  [255 255 255]
  [255 255 255]
  [255 255 255]]

 [[255 255 255]
  [255 255 255]
  [255 255 255]
  ...
  [255 255 255]
  [255 255 255]
  [255 255 255]]

 [[255 255 255]
  [255 255 255]
  [255 255 255]
  ...
  [255 255 255]
  [255 255 255]
  [255 255 255]]]",2
"[[[255 255 255]
  [255 255 255]
  [255 255 255]
  ...
  [255 255 255]
  [255 255 255]
  [255 255 255]]

 [[255 255 255]
  [255 255 255]
  [255 255 255]
  ...
  [255 255 255]
  [255 255 255]
  [255 255 255]]

 [[255 255 255]
  [255 255 255]
  [255 255 255]
  ...
  [255 255 255]
  [255 255 255]
  [255 255 255]]

 ...

 [[168 169 169]
  [255 255 255]
  [252 253 253]
  ...
  [254 254 254]
  [254 254 254]
  [254 254 254]]

 [[172 175 175]
  [255 255 255]
  [255 255 255]
  ...
  [255 255 255]
  [255 255 255]
  [255 255 255]]

 [[ 97 101 100]
  [131 133 132]
  [127 129 128]
  ...
  [116 116 116]
  [113 113 113]
  [112 112 112]]]",2
"[[[ 6 11  7]
  [ 8  9  6]
  [10 10  8]
  ...
  [ 9 11  6]
  [ 9 11  6]
  [ 9 11  6]]

 [[ 6 11  7]
  [ 8  9  6]
  [10 10  8]
  ...
  [ 9 11  6]
  [ 9 11  6]
  [ 9 11  6]]

 [[ 6 11  7]
  [ 8  9  6]
  [10 10  8]
  ...
  [ 9 11  6]
  [ 9 11  6]
  [ 9 11  6]]

 ...

 [[10 10  8]
  [10 10  8]
  [ 9  9  7]
  ...
  [ 4  9  5]
  [ 4  9  5]
  [ 4  9  5]]

 [[10 10  8]
  [10 10  8]
  [ 9  9  7]
  ...
  [ 4  9  5]
  [ 4  9  5]
  [ 4  9  5]]

 [[11 11  9]
  [10 10  8]
  [10 10  8]
  ...
  [ 4  9  5]
  [ 5 10  6]
  [ 5 10  6]]]",2
"[[[ 4  9  3]
  [ 4  9  3]
  [ 4  9  3]
  ...
  [ 8 10  5]
  [ 8 10  5]
  [ 8 10  5]]

 [[ 4  9  3]
  [ 4  9  3]
  [ 4  9  3]
  ...
  [ 8 10  5]
  [ 8 10  5]
  [ 8 10  5]]

 [[ 4  9  3]
  [ 4  9  3]
  [ 4  9  3]
  ...
  [ 8 10  5]
  [ 8 10  5]
  [ 8 10  5]]

 ...

 [[ 7 11  7]
  [ 9 10  7]
  [11 11  9]
  ...
  [ 9 11  6]
  [ 9 11  6]
  [ 9 11  6]]

 [[ 7 11  7]
  [ 9 10  7]
  [11 11  9]
  ...
  [ 9 11  6]
  [ 9 11  6]
  [ 9 11  6]]

 [[ 6 11  7]
  [ 9 10  8]
  [11 11  9]
  ...
  [ 9 11  6]
  [ 9 11  6]
  [ 9 11  6]]]",2
"[[[252 254 252]
  [254 253 255]
  [255 253 255]
  ...
  [255 255 255]
  [255 253 255]
  [254 253 254]]

 [[255 255 255]
  [255 255 255]
  [255 255 255]
  ...
  [255 255 255]
  [255 255 255]
  [255 254 254]]

 [[ 99  99  87]
  [102  99  83]
  [105 101  85]
  ...
  [110 103 103]
  [119 112 113]
  [234 233 234]]

 ...

 [[ 29  37  11]
  [ 27  41  13]
  [ 26  42  14]
  ...
  [255 255 255]
  [255 255 255]
  [255 255 255]]

 [[  7  14   0]
  [  6  17   0]
  [  9  24   0]
  ...
  [255 255 255]
  [255 255 255]
  [255 255 255]]

 [[ 31  37  20]
  [ 33  43  22]
  [ 43  57  31]
  ...
  [255 255 255]
  [255 255 255]
  [255 255 255]]]",2
